Aalborg University,"기본 계약은 방학까지 사용 가능하며, 청소를 제대로 하지 않거나 고장있는 것을 그대로 두면 보증금이 깎인다. IAO는 학생들의 숙박시설을 책임지지만, 학생들은 직접 계약을 맺고 집을 구할 수도 있다. 숙소 형태가 다양하여 비용도 40-70만원까지 차이가 있다. 교환이 종료될 때는 떠날 때의 청결 상태와 물건 상태가 좋아야 보증금이 돌려받을 수 있다. IAO에서는 방을 랜덤으로 배정하므로 신청할 때 구체적으로 요구하는 것이 좋다."
American University,"미국 대학 기숙사에 대한 사용 시 주의사항으로는 방 열쇠 분실 시 추가 비용 지불, 룸메이트와 해결할 수 없는 문제 발생 시 RA에게 도움 요청, 음주 금지 등이 있으며, 추천 숙박시설로는 학교 근처 아파트와 버크샤이어, 아발론, 그린브라이어 등이 있다. 기숙사 내부 시설로는 공용 화장실, 부엌이 있다. 카펫으로 덮인 바닥이나 높은 침대 등 불편한 점이 있을 수 있으므로 첫 학기는 기숙사에서 생활하고 그 이후에는 아파트를 찾는 것을 추천한다."
"American University (2017-2: WSP, 2018-1: AU Abroad)","내부 기숙사는 식사계획을 포함하고 공용 화장실과 부엌이 있으며, 반면 Berkshire는 교외에 위치하므로 더 자유롭지만 매년 가격 변경 사항을 확인해야합니다."
American University (WSP),"기숙사는 깨끗하고 편리하지만 금주 및 금연이며, 학기가 끝나고 더 머무르고 싶을 경우 미리 머물 곳을 정해야 한다. 아파트나 기숙사 외 숙박시설의 경우도 있으며, 옵션과 가격이 다양하다. 숙박 시, 학교의 금주 및 금연 정책 유의할 것을 권장한다. Wish House와 같은 학교가 운영하는 Off-campus 숙소도 있다."
Aoyama Gakuin University,"교환학생들은 학교의 기숙사에서 생활할 수 있으며, 주의할 점은 기숙사가 멀리 위치하고 기숙사 주변 시설이 제한적이기 때문에 추천하지 않는다는 것이다. 그러나 처음 일본에서 생활하는 사람이라면 기숙사 생활을 추천하며, 기숙사 주변에는 여러 가지 숙박 시설도 있다는 것이다."
Arizona State University,"교환학생들은 기숙사에서 생활하면 다른 교환학생이나 일반 학생들과 친해질 수 있으며, 이벤트에 참여하여 더욱 쉽게 사회생활을 즐길 수 있다. 하지만 기숙사는 오래된 것이 많아 시설이 불편할 수 있으며, 방 할당이 불규칙적일 수 있다. 기숙사 외에는 캠퍼스 근처에 위치한 아파트나 하숙도 가능하다. 이때 중요한 점은 스캠에 대한 주의와 미리 문의하는 것이 좋다."
Arkansas State University,"학교 기숙사를 사용할 때에는 추가 비용이 발생하며, 훼손하지 않으면 큰 문제는 없다. Collegiate Park가 가장 좋은 선택지이며, 다른 곳으로 이동하려면 체크아웃을 제때 해야한다. 학교 기숙사보다 훨씬 저렴한 아파트도 있으므로 추천할 만하다."
Aston University,"교환학생들은 대부분 학교 기숙사 중 Mary Sturge, James Watt를 이용하거나 사설 기숙사를 이용하며, 괜찮은 곳을 찾기 위해서는 가격, 편의시설, 청결도, 치안 등을 잘 고려해야 하고, 계약 내용은 꼼꼼히 확인하도록 추천한다. 학교까지는 15분 거리이다."
Audencia Business School,CAF 신청해서 주택보조금 받기 (월 330유로 중 보조금 100유로). Crous 공공 기숙사 어려워서 여러 사이트 이용해서 집 구해야 함
Audencia Nantes School of Management,"서로 인접한 위치에 오덴시아, 낭트 국립대, 에콜 센트랄 세 대학교가 있고, 기숙사는 에콜 센트랄 학사/석사생들이 많이 사는 사립 기숙사라 개인 신청은 어렵다. 낭트에 있는 한국 분의 연락처를 중개인으로 구해서 기숙사를 구했다. CAF 신청을 미리 준비해야 한다."
Australia National University,기숙사에는 catered와 non-catered 옵션이 있음. Unilodge 기숙사 중 Davey Lodge의 1인실은 혼자 자취하는 느낌이 들어 편함. 기숙사비는 보통 2주에 한 번씩 지불. 기숙사 선택 시 계약 기간도 고려해야 함. B&G Hall은 방이 작지만 키친이 커서 요리하기 용이  6. 기숙사의 계약 기간에는 상관없이 정해진 기간에 대한 비용을 모두 내야 함.
Australian National University,학기 완료 후에도 계속해서 돈을 내야 하기 때문에 계약이 조기 종료되지 않는다.
Autonomous University of Barcelona,"스페인에서 계약 시 은행계좌가 필요하며, 시내 집 구매 시 보증금은 조심해야 하고 여권을 받으시길 추천한다는 내용입니다."
Autonomous University of Madrid,주거 계약 시 보증금 사기에 조심해야 한다는 주의를 당부합니다.
BEM Management School,"프랑스에서의 숙박은 정부기관이 지원하는 CROUS 기숙사를 이용하는 것이 좋으며, 다른 학생들과 함께 거실을 공유하는 것도 좋은 선택이다. 신청은 학교에서 TO를 통해 받으며, 불어를 잘하는 친구가 필요할 수 있다. 시내에서 집을 구하는 것도 가능하지만, 학교까지 멀고 불어를 못하면 어렵다. 기숙사나 집에서는 공용으로 필요한 것을 나누며, 언어는 영어나 불어를 사용한다. 청소는 꼼꼼히 체크하고, deposit은 돌려받을 때 2달 이상 걸릴 수 있다. Domofrance는 비추하며, 보르도 시내에서 살면 프랑스에 사는 기분과 삶의 편안함을 느낄 수 있다."
Beijing Institute of Technology,
Beijing Normal University,
Berlin School of Economics,"기숙사를 이용할 때는 미리 알려야 하며, 주의해야 할 사항은 방음이 안된다는 점이며 타인에게 피해를 주는 행위를 피해야 한다. 기숙사 외에는 베를린의 경우 물가가 싼 편이므로 아파트를 빌리는 경우도 있지만 기숙사 생활을 하는 것이 비용면에서 더 이점이 있다. 중국의 경우 방학 기간에는 경비를 내면 이용 가능하다."
Berlin School of Economics and Law,"일부 기숙사는 시설이 약간 여유가 있지만, 대체로 깨끗하고 안전한 지역에 위치해 있으며, 주변에 매점과 강이 있습니다. 방은 여러 사람이 사용하며, 방타입에 따라 월세가 다릅니다. 기숙사와 학교 사이 거리가 멀기 때문에 주의해야 하며, 예상치 못한 일이 생기면 메일로 연락해야 합니다. 라커를 사용하기 때문에 개인 식기를 넣을 수 있으며, 냉장고를 공유하기 때문에 식음료를 분실할 수 있습니다. 기숙사는 최소한 1달 이전에 예약을 해야 하며, 룸메이트와 규칙을 따로 정해야 합니다. 또한, 대부분의 교환학생들이 함께 지내기 때문에 친목을 다져서 좋았습니다."
Berlin School of Economics and Law Schoneberg Campus,"기숙사는 방학에도 사용 가능하며 경비는 학기 중과 동일하다. 다만 물건 도난이 발생할 수 있으므로 주의가 필요하다. 베를린은 기숙사 시스템이 잘 되어있어 경제적이고 편리하다. 다른 숙박 시설을 찾을 경우, 기숙사와 비교해서 신뢰성 문제가 발생할 수 있기 때문에 되도록 기숙사를 추천한다. 주의사항으로는 퇴실 시 시설을 깨끗하게 사용해야 하며 deposit을 돌려 받으려면 역할과 차례를 정하여 청소를 해야 한다. 방음이 부족한 경우도 있으므로 소음 조절에 주의해야 한다."
Berlin University of Applied Sciences and Technology,
Birmingham City University,"기숙사는 학교 바로 앞에 위치해 있으며, 남녀공통이나 여자 선택에 따라 배정되나 걱정할 필요 없고, 부엌이 있어 편리하다. 다른 곳으로 배정을 받은 경우 계약 기간이 너무 길어지면 기숙사 변경과 계약기간 단축을 요청할 수 있으며, 분할 납부와 일괄 납부 선택이 가능하다."
Boise State University,"기숙사를 이용할 때 주의사항은 특별히 없지만, RA가 Quite Hour에 체크하므로 시끄럽게 하지 않는 것이 좋다. 학교 근처에 저렴하면서도 친구들과 함께 주택처럼 살 수 있는 공간도 있다. 룸메이트와 좋은 관계를 유지하는 것이 좋으며, 기숙사 외에도 아파트에서 생활할 수 있지만, 후속 룸메이트 구하기 어려워 기숙사에 사는 것이 더 편하다. 그리고 기숙사 내 음주와 흡연은 금지되어 있으며, 기숙사 외에도 학교 아파트나 학교 외부에서 계약을 체결하고 월세를 살 수 있지만 거리가 먼 경우도 있다."
Bordeaux ecole de management(현 Kedge business school),4인이서 부엌 공유하는 Shared flat에서 살면서 영어 실력도 향상되고 활기가 있어 좋았으며 돌아와서도 Flatmate들과 연락을 주고받으며 그리워하는 경험을 했다.
Bosphorus University,"주방과 거실 공용공간이 있고 각자 방 하나씩을 가진 스위트 형식의 숙소. 청소는 전문인력이 하며 본인 방의 청소가 필요할 경우 쪽지를 붙여놓으면 된다. 위치가 좋아 무료 헬스장과 트랙이 있는데 너무 비싸서 가격이 중요한 사람은 다른 숙소를 찾는 것이 좋다. 학교가 부촌에 있어 밤에도 조용하고 안전하다. 지하에는 식당, 공부방, 그룹스터디룸, 매점, 세탁소 등이 있다."
CBS International Business School,"Cologne is a city with a lot of students, making it difficult to find housing, so it is recommended to find a place quickly once sent there. The dormitory available is co-ed, and while there can be some hygiene issues, it is a good opportunity to socialize with international students. Apply early for competition is high. There is no need to worry about scams as it is a school dormitory."
CLARKSON UNIVERSITY,"TownHouse는 강의실과 가깝지만 다른 교환학생들과 교류하기에는 불리하며, Woodstock은 교환학생들과 미국 학생들이 많이 살며, 1인실도 있지만 쉐어해도 편하며, 주방이 있어 한국음식도 해먹을 수 있다. 음식값은 비싸기 때문에 요리해서 먹는 것이 좋다."
Ca' Foscari University of Venice,"기숙사 위치가 좋지 않고 시설도 좋지 않지만, 친구를 사귀기에는 재밌게 살 수 있으며, 전 학기에 살았던 한국학생들과 연락을 최대한 시도해보는 것이 좋다."
California State University San Marcos,"기숙사나 홈스테이는 장단점이 있으며, 룸메이트나 가족과 잘 지내는 것이 중요하다. 기숙사 외에도 추천 숙박시설도 있으니 꼼꼼히 검토하기를 추천한다."
"California State University, Long Beach",보수가 필요한 부분이 있으면 office에 부탁하면 된다.
Catholic University of Lille,프랑스 정부에서 제공하는 학생주거지원 비용이 있다.
Catholic University of the Sacred Heart,"온라인으로 방을 구할 때 계약 취소에 주의해야 하며, MIL SERVICE보다 다른 사이트를 이용하는 것이 좋다. 계약서는 꼭 영어로 받고 잘 읽고 사인하고, 필요한 서류는 꼭 챙겨야 한다. 숙소 가격은 일반적으로 월세 650-800유로 선이며 보증금과 공과금 등에 대한 정보도 확인해야 한다. 한인 카페에서 방을 구하거나 해당 지역의 치안 정보를 물어보는 것도 좋은 방법이며, 집을 잘 구하는 것은 운이지만 친구들이 머물렀던 집에 대한 정보도 얻을 수 있다."
Charles University,"교환학생들이 많이 이용하는 Charles University 기숙사는 시설이 낙후되고 2인 1실이며 남녀 공용 샤워실이 많은데, 이에 대한 대체 숙소로 flat mate를 구해 교외 아파트에서 살거나 기숙사 이외의 숙박시설을 이용하는 것을 추천한다."
Chemnitz University of Technology,"기숙사 신청은 빨리 해야 하며, Vetterstrasse 66은 비추천한다."
Chiba University,기숙사 자동 신청은 편리하지만 시설이 낡아 청결한 환경은 아니다. 분실하지 않도록 방 열쇠와 오토록 카드를 조심해야 한다.
Chinese University of Hong Kong,"홍콩 중문대의 기숙사는 방학 때 사용 가능하며 규정을 따라야 한다. 기숙사 사용할 때의 주의사항으로는 성별별 방문시간을 지키고 로컬 학생의 활동에 참여하기를 권장하며, 룸메이트와 함께 사용할 때는 상호 배려가 필요하다. 외부 방문자는 기숙사 외부 추천 숙박시설에서 머물 수 있다. 기숙사별로 활발한 커뮤니티와 이벤트가 있으며, 대청소 주간에는 비워야 한다. 외부인 출입을 제한하는 기숙사도 있다."
Chuo University,"IRC와 Seiseki는 기존에 알고 있던 기숙사와는 다르게 비교적 편한 생활이 가능하며, 교환학생들은 학교에서 제공하는 맨션에 배정되거나 부근 맨션에 배정됩니다. 기숙사는 3가지 종류가 있으며, 학교에서 제공하는 기숙사는 모두 가격이 동일합니다. 수업 형식은 한국 대학과 유사합니다. 숙소 선택시 학교 근처나 시내 선택을 잘 고려해야합니다."
City University of Hong Kong,"대부분의 교환학생들은 기숙사를 이용한다. 기숙사는 대부분 2인실이며, Hall 10과 11이 최신 건물이다. 3인실보다는 2인실을 선택하는 것이 좋다. 기숙사 이용 시 청결에 유의해야 한다. 기숙사 신청은 빨리 해야하며, 홍콩의 집값이 매우 비싸기 때문에 합리적인 선택이다. 기숙사 이용 후 추가로 머물고 싶다면 페널티를 내고 머무는 것이 경제적이다. 기숙사 외 숙박시설은 학교 주변이 비싸며, 기숙사 신청이 어렵다면 미리 예약해야 한다."
Clarkson Univeristy,"교환학생들이 이용하는 기숙사 중에는 Woodstock, Townhouse, Riverside가 있으며, Woodstock이 가장 깔끔하다. 방 구조는 선택할 수 없고 학교에서 정해주며, International Village에서 교환학생들끼리 음식이나 여행을 함께 즐길 수 있다."
Clarkson University,"기숙사는 Woodstock, Townhouse, Riverside 등이 있으며 취사가 가능하다. 룸메이트나 suiteroomie들과 친해져서 불편한 점이 있다면 상의해서 해결해야 한다. 추가 비용을 내야하는 상황이 발생할 수 있으니 입금 기간을 잘 지켜야 한다. 기숙사 외에 Off campus도 있지만 학교허가와 차가 필요하다. 룸메이트와의 관계 조정과 스토브 사용에 유의해야 하며, 타운에는 한 개의 숙박업소와 아파트 등이 있다."
College of Charleston,"작은 학교지만 생활에 필요한 것들이 많이 구비되어 있어 부족함 없이 지낼 수 있으며, 1인1실 혹은 2실1호에 세탁기, 건조기, 식기세척기 등이 있어 편리하다. Kelly나 Philip 기숙사를 추천한다."
Columbia University,"기숙사는 학기 초에 바꿀 수 있으며, 와트 홀은 밤에 파티가 자주 열리므로 파티를 싫어하는 경우 혼자 사는 곳으로 바꿀 수 있다는 것을 고려해야 한다."
Copenhagen Business Academy,코펜하겐 Gammel Kongevej 위치 좋고 통학 용이하나 공유 아파트로 인한 프라이버시 문제 있었음.
Copenhagen University College of Engineering,"기숙사는 공동구역 청소와 열쇠 분실에 대한 벌금 등에 주의해야 하며, 일부 국가에서는 기숙사 대신 외국인 생활단지를 이용해야 한다. 주방과 공용 부엌을 사용할 때는 깨끗하게 사용해야 하며, 청소 담당일과 호칭을 적시키는 게시판을 확인해 벌금을 피해야 한다. 또한, 기숙사 외 추천 숙박시설은 호스텔이나 코펜하겐 공항 근처의 한인센터 등이 있다."
Czech Technical University in Prague,"보증금 예치 후 I-BAN 코드를 제출해야 함. 각 기숙사의 주의 사항은 홈페이지에서 확인 가능. CTU는 다양한 기숙사 제공 (떨어져도 걱정 없음). 기숙사비 유의해서 내야함 (벌금 발생 가능). 음식 선택 시 적당히 해야 함. 기숙사는 다양한 형태가 있지만, 싱쿨레호 추천. 기숙사 신청은 빠르게 해야함 (호스텔 비용 더 비싸다). 빨래/건조기 사용 시 요금이 있음. 싱쿨레호는 인원 제한과 시설 공유. 마사리코바 경쟁률 높음, 싱쿨레호나 스트라호브 추천. 기숙사비는 매달 결제해야 함 (15일 전까지)"
Daito Bunka University,"기숙사 이용 가능하고 가격은 일정하다. 유학생 회관과 일반 맨션 중 유학생 회관을 추천한다. 기숙사 이용 시 벽이 얇은 경우가 있으며, 다른 숙박시설은 제한적이다."
ECOLE SUPERIEUR DE COMMERCE INTERNATIONAL DE PAS DE CALAIS,학교와 멀어서 고생했던 스튜디오 숙소. 주인이 1층에서 살기 때문에 소음이나 파티 등 제약이 있으며 대중교통이 부족한 지역이므로 Google Map으로 주소 확인 후 선택 필요.
EDHEC Business School,"프랑스에서는 기숙사를 이용할 수 없으면 집을 구하기가 매우 어렵고, 집 계약을 따내기 위해서는 각종 증명 서류와 보증인 등의 어려움이 있으며, 사기꾼이 많아서 조심해야 한다. 따라서 에어비앤비에서 묵는 것이 일시적인 해결책이 될 수 있다. 학교 친구들에게 도움을 구하는 것도 도움이 될 수 있다."
EPF School of Engineering,"교환학생 기숙사는 1인실에 작은 주방과 화장실, 침대와 책상이 있으며 RER B선 Fontenay-aux-Roses 역과 도보로 5-10분 거리에 위치해 있습니다. 세탁기와 건조기는 각각 3유로와 1유로를 내야하며 외풍이 있지만 잘 관리된 건물입니다. 325유로의 가격이 제일 큰 메리트이지만 주택 보조금 (CAF)을 받기에는 시간이 짧습니다."
ESADE Business School,방 구하기 어려우니까 집 사진으로 보고 믿지 말고 직접 확인해달라. 집주인에게 연락할 때는 스페인어로 하면 좋다.
Ecole de Management Leonard De Vinci,프랑스에서는 국립 기숙사 외에 집세가 비싸므로 미리 집을 구하는 것이 좋다.
Edith Cowan University,
Elon University,"문장 요약: 여름방학은 불가능하고, 겨울방학은 가능하며 봄방학에는 방 비우기를 해야한다. 기숙사 내에서 사용 시 기물 파손 시 벌금을 부과하며, 화장실 사용 시 청결하게 사용하고 노크 필수이다. 또한, 외국인 학생들이 사는 international pavilion이 추천 숙박시설이며, 중요 건물과 걸어서 5분 거리에 있다."
Emlyon Business School,"The French government funds students studying in France for accommodation through a project called CAF. Anyone can apply as long as they have a housing contract and a French bank account, and they can receive around 50% refund. However, the application process can take up to a month. It is advised to apply as soon as possible upon arrival in France."
Engineering College of Copenhagen,"기숙사에는 각자 방에 화장실과 취사시설이 있으며, 사용할 때 주의해야 할 특별한 사항은 없고, 기숙사마다 다를 수 있다는 것이다."
Enhancing Science Courses by Integrating Python,"ESCIP은 기숙사를 제공하지 않아 학생들이 직접 집주인과 연락하여 방을 구해야 하지만, ESCIP 직원이나 친구들의 도움을 받아야 하며, 대부분의 집은 인터넷이 불가능하고 학교와 멀리 떨어져 있어서 차를 이용하는 것이 편리하며, 방은 co-location으로 이루어진 경우가 많다. 또한, 필요한 물품은 개인적으로 준비해야 하며, 생활에 필요한 시설은 case by case이다."
Erasmus University Rotterdam,"SSH 계약은 시작과 마감 달에 비용을 내야 하고, 4개월 이상 체류하는 경우 City hall registration 확인과 교통비 고려하여 기숙사나 학교 근처 집을 추천한다."
European University of Madrid,"중심지에 위치한 숙소가 좋고, 스페인 집은 겨울에 춥기 때문에 타문화권 학생들은 이를 이해해야 함."
FH Campus Wien,"221유로에 인터넷 5유로를 추가하면서 처음에는 랜선을 살 필요가 있었으며 룸메이트와 함께 사용하는 기숙사와 각자 방이 있는 플랫 메이트가 있음을 주의해야하며, oead를 통해 기숙사를 구할 수 있으며 학교가 작아서 거리도 가깝고 추천 숙박시설 대부분이 oead를 통해 예약됩니다."
FH Kufstein,"기숙사 사용 시 청소와 분리수거 등 역할 분담과 시설 파손에 대한 벌금에 대해 주의해야하며, 기숙사 이외에는 사설 기숙사나 아파트를 렌트하여 살거나 하숙집을 이용할 수 있으나 일부 하숙집은 위생상태가 좋지 않으므로 주의해야한다. 생활하는데에는 큰 불편함은 없으며 파티를 열 경우 주민들의 항의가 들어올 수 있으므로 조용한 분위기를 좋아하는 분이 고르는 것이 좋다."
FHWien of WKW,"기숙사 선택은 개인 생활 방식에 따라 다르며, 빨리 신청하는 것이 좋다. 가격과 시설도 천차만별이며, 외식 대신 요리를 직접 해먹을 경우 공용주방 이용이 조금 불편할 수 있음. 또한 후임자를 찾아야 하는 경우도 있으며, 위치나 방 크기 등을 고려할 때 Oead 기숙사는 저렴한 편이다. 그러나 청소 주기가 상대적으로 적은 점, 공용욕실과 공용주방을 추천하기 어려운 점 등 단점도 존재한다."
Fachhochschule Worms University of Applied Sciences,"위치는 학교에서 거리가 가깝고 인터넷은 한 층에 사는 사람들끼리 돈을 나누어 지불하며, 보증금에서 초과 사용금액을 제한한다. 한달 300원에 인터넷, 전기세, 라디에이터 이용료는 포함되지 않는다. 중간에 인터넷을 사용하지 못한 사례도 있었다."
"Faculty of Economics and Business, University of Zagreb","자그레브에서 집을 구할 수 있는 많은 페이스북 페이지가 있는데, 직접 집을 보지 않고 보증금을 내야 할 경우 사기일 가능성이 있으므로 조심해야 한다. 메일로 연락을 받은 경우 직접 보러 가는 것이 좋으며, 기숙사에서 지내는 것이 가장 편하고 안전한 방법이다."
Fairleigh Dickinson University,"룸쉐어는 외국인 또는 한국인과 함께 할 수 있다. 가격은 홈스테이가 룸쉐어보다 비싸지만, 식사가 포함되어 있어 추천한다. FDU-vancouver는 기숙사가 없고, 웹사이트에서 룸메이트를 구할 수 있다. 숙박 계약은 단기 또는 장기 계약을 명확하게 해야한다. 셰어하우스는 새롭고 넓으며 좋은 환경이다. 홈스테이 배정 전 통학 시간을 계산해보는 것이 좋다. 룸쉐어를 할 때 보증금을 잘 챙겨야 한다."
Fairleigh Dickinson University (Vancouver Campus),"밴쿠버 대학에 기숙사가 없으므로 우벤유 사이트 등을 통해 다운타운 근처의 집을 구하는 것이 좋다. 다운타운 외의 지역에서도 낮은 가격으로 좋은 방을 구할 수 있다. 방 정보는 인터넷 카페에서 확인 가능하며, 홈스테이는 웬만하면 하지 않는 것을 추천한다."
Florida Gulf Coast University,"West Lake Village는 차 없는 학생이 불편할 수 있으며, South Lake Village는 다양한 시설이 제공되지만 North Lake Village는 그렇지 않다."
Florida International University,
Florida State University,"기숙사 신청은 선착순이며 최대한 빨리 해야 확정 지을 수 있고, 추첨은 랜덤이지만 좋은 기숙사는 나이나 학년 순으로 배정되지 않는다. 미리 기숙사 행정실에 문의하고 신청하는 것이 좋다."
Fontys University of Applied Sciences,"각종 숙박시설에서는 보통 Deposit을 냈을 때 기물 파손 등의 문제가 발생하면 공제될 수 있으므로 조심해야 하며, 미리 계약 조건과 가격을 보고 결정해야 한다. 집주인과 같이 사는 경우 생활상의 문제들이 있을 수 있지만, 대개는 도움이 많이 된다. 기숙사가 없는 경우에는 주변에서 싼 숙소를 구하는 것이 좋으며, 그렇지 않다면 학교에서 추천해주는 숙소를 이용하는 것이 좋다. 단, 숙소를 구할 때는 학교에서 연결한 업체를 이용하지 않는 것이 좋다."
Fontys University of Applied Sciences (Eindhoven),"기숙사 신청을 권장하며, 네덜란드에서 집 구하기는 어렵다. 숙소는 좋지만 건물이 열악한 환경이었고, 입주 시 철저한 체크가 필요하다. 같은 플랫을 신청하는 것이 좋으며, 엘리베이터가 없어 2층을 추천한다. 기숙사는 벌레가 나오지 않고 수압도 괜찮다. 침대는 매우 푹신하다."
Fontys University of Applied Sciences (Tilburg),"에이전시가 인종차별을 하고 메일 답장을 느리게 보내며, 여성전용 숙소에서도 집 문을 그냥 열고 들어와서 권리를 요구하면 “우리집이잖아”하는 태도로 일관합니다. 계약 종료 후 2달 후에 보증금을 돌려주며, 월세도 시기 맞추라고 겁주고 있습니다. 네덜란드 거주보조금은 받을 수 없는 숙소입니다."
Fontys University of Applied Sciences (Venlo),"학교에서는 기숙사를 제공하지 않고 하우징 업체를 연결해주는데, 그 중 Carpe diem이 가장 추천된다. 방은 랜덤 배정되며, 3-4명이 욕실과 주방을 공유하는 형태이다. 월세도 랜덤 배정되며, 가장 작은 방부터 약 401유로, 418유로, 446유로이다. 작은 방이 더 좋을 수 있다."
Fontys university of applied science,짐이 무겁거나 3층까지 올라가기 어려울 때가 종종 있어서 다음에 계약할 일이 생기면 1층으로 해야겠다.
Frankfurt School of Finance & Management,신축 기숙사인 FS dorm은 시설이 좋지만 비싸고 독일인 재학생들이 많이 거주합니다. Boarding house 2는 많은 인원이 살면서 시설이 낡았지만 교환학생들이 많이 거주하며 학교와 시내와도 가깝습니다. Boarding 3은 추천하지 않습니다. 메일로 미리 연락해서 기숙사에 대해 문의하는 것이 좋습니다. 기숙사 공지가 나오면 바로 신청하는 것이 좋습니다. 청결함은 Flat mate에 따라 달라지며 Frankfurt는 물가가 비싸기 때문에 기숙사비도 비쌉니다. Boarding 2의 식기나 청소도구 등은 상태가 안 좋을 수 있으니 메일을 보내면 나눠서 살아도 좋습니다.
Frankfurt University of Applied Sciences,"기숙사는 조용하고 쾌적하며, 상식적으로 해선 안 되는 일만 지키면 됩니다. 추천 숙박시설은 청수 민박이며, 기타비용을 제외하고 210유로입니다. 방 검사를 받을 때는 깨끗하게 청소해야 하며, 인터넷 설치가 필요한 경우는 쉐어하는 것이 좋습니다. 일처리는 느리고 성의 없지만, 가장 중요한 것은 기숙사 나가기 3개월 전에 쿤디궁 집 해약서를 제출해야 한다는 것입니다. 공동으로 사용하는 욕실과 화장실이 있으므로 불편하신 분"
Frankfurt school of finance & management,
Fudan University,"기숙사 사용을 요청하는 경우, 주의사항에 대해 인지해야 하며, 추천 숙박시설도 고려해 볼 필요가 있다. 분실, 기물 파손 등에 주의하고, 외부인 출입금지 등 보안이 엄격한 면이 있다. 방안에는 일반적으로 침대, TV, 에어컨, 옷장 등이 구비되어 있으며, 건조 및 정리까지 해주는 세탁실도 이용 가능하다. 호텔과 비교하면 가격 대비는 싼 편이지만, 음식이나 침구류 등 개인적인 용품은 따로 준비해야 한다."
Fulda University of Applied Sciences,다양한 유형의 기숙사가 있으며 일반적으로 WG(Shared apartment) 형태의 기숙사가 많다. 자기 청소를 해야 하고 다른 사람의 물건이나 음식에는 손대지 않아야한다. 기숙사를 사용하거나 퇴사할 때 깨끗이 사용해야한다. 기숙사 신청 시 가격 대비 좋은 편이다. 학기가 끝나면 청소비가 청구될 수 있다. 기숙사를 신청할 때는 원하는 방 형태를 선택할 수 있으나 모든 교환학생은 같은 건물의 6인플랫을 사용한다.
Furtwangen University,"기숙사는 ASK와 GHB로 나뉘며, SKIFF라는 외부 기숙사와 몇몇 플랫들이 주변에 있습니다. ASK는 공동화장실과 부엌, 거실을 같이 쓰는 개방형태이고, GHB는 모든 것이 안에 있는 형태입니다. 기숙사 이용시 청결 상태와 빨래, 인터넷 사용 등에 주의해야 합니다. 호스텔을 이용하는 것도 좋으며, 독일 도착시 학생들에게 적합한 곳입니다."
George Washington University,"기숙사 사용시 GWorld Card와 Room Key는 따로 포개지 않도록 하고, 음식을 할 때 통풍을 꼭 시켜야하며, 3인 1실이므로 예의와 배려를 지켜야 한다. 같이 쓰는 기숙사에서는 기본 규칙과 예절을 지켜야 하며, 추천 숙박시설은 기숙사와 비교해 비싸지만 친구들과 share하면 좋을 수 있다는 것이다."
Grenoble Alpes University,교환학생들은 기숙사를 사용할 때 다소 불편한 점이 있으나 CAF(주택보조금)를 신청할 수 있다. CAF 신청이 복잡하고 오래 걸리는 곳도 있지만 그르노블 CAF 사무소는 빠른 처리가 가능하다. 개인적으로 필요한 식기 등은 구매해야 하며 방음이 잘 되지 않을 수 있다. 추천 숙박시설도 있다.
HEC Montreal,"몬트리올의 대부분의 보증금은 한 달치 월세를 선납하는 방식이다. 학교 직영 사이트가 아니기 때문에 문제가 생겨도 책임을 지지 않는다는 단점이 있으므로 괜찮은 집을 찾는 것이 좋다. 숙소 계약 시 위치, 집주인, rent가 all-inclusive인지, 수도와 난방 여부, 방음 등을 체크해야 한다. Studenthousingmtl에서는 비밀번호를 미리 알려주지 않고, 임시로 다른 곳으로 가게 하고, 계약에 없는 이유로 방을 옮겨야 하는 등 불만족스러운 일이 있을 수 있다."
HU University of Applied Sciences Utrecht,"Utrecht 대학에서는 기숙사가 없으므로 학교와 협약된 중개업체를 통해 집을 구해야 한다. 대부분 학생플랫이나 일반적인 아파트에서 2-5명 정도가 함께 살며, 상황에 따라 요금이 추가로 부가될 수 있다. 공동생활이므로 깨끗하고 조용하게 지내야 하며, 일부 학생플랫에서는 파티 분위기가 지속되는 경우도 있다. 따라서 조용한 분위기를 원하면 일반 플랫을 추천한다. 그러나 Beneluxlaan과 같은 학생플랫에서는 다이나믹한 라이프를 즐길 수 있으며, 다른 사람들과 친구를 사귀기에는 적합하다. 단, 청결과 도난 등에 대한 관리가 필요하다."
Haaga-Helia University of Applied Sciences,"핀란드 교환학생의 기숙사 생활에 대한 이야기와 주의사항에 대해 설명하고, 기숙사 외 추천 숙박시설에 대한 정보가 포함되어 있다. 주로 기숙사는 월세로 계약하는 임대주택이며, 파손에 대한 보증금이 있다. 금연이 원칙이며, 호스텔에서도 생활하면 된다. 같이 생활하는 사람들과의 대인관계를 중요시하는 팁이 제공된다."
HafenCity University Hamburg,"기숙사 생활에서는 거리가 멀어 우편물이 분실되는 경우가 많으므로 주소를 정확히 기입해야 하며, 키도 잃어버리면 곤란하므로 챙겨야 한다. 또한 이메일 네트워크를 활용하여 기숙사 생활에 필요한 정보를 교환하는 것이 좋다."
Hague University of Applied Sciences,"기숙사는 계약 기간에만 사용 가능하며 규칙을 잘 지켜 큰 문제는 없다. 또한, 기숙사 외에는 추천 숙박시설 세부내역을 모른다."
Halmstad University,"학교 기숙사 종류는 4가지. 가장 인기있는 건 크루스배렛. 기숙사 사용 시 특별히 주의할 점은 시설물 훼손하지 않는 것 뿐이며, 기숙사 밖에서 숙박할 때는 기숙사가 가능한 경우가 있고 그렇지 않은 경우가 있으므로 잘 알아보아야 함. Krusbaret은 새로 지어서 깨끗하지만 방이 비싸다. Patrikhill은 시내는 가깝지만 학교는 멀으며 옛날 건물이라 낡았다. 크루스배렛은 문화와 음식, 파티가 공존하는 곳이며, 키친에서 친해질 수 있지만 파티가 자주 열리는 근처 방은 시끄러울 수 있다."
Hanze University of Applied Sciences,"기숙사는 첫 월과 마지막 월을 먼저 계산하고 중간 월세는 매 월 결제하는 방식이며, 시설은 별로 좋지 않지만 다양한 국가에서 온 교환학생들과 친해지기 좋은 곳이다. 개인적으로 집 구하는 것은 어렵고 기숙사를 신청하는 기간을 놓치지 않아야 하며, 기숙사의 시설은 좋지 않지만 교환학생으로서 기숙사 생활은 의미 있는 것이다. 기숙사에는 1인실인 Korno와 같이 가면 좋은 2인실 Albertine이 있는데 학교까지 자전거로 10~15분 걸린다. 공용시설은 화장실과 샤워실이 있고 위치는 선정에 따라 달라지기 때문에 주의해야 한다. 최대한 빨리 예약해야 괜찮은 숙소를 선택할 수 있으며, 한국인이 많은 기숙사도 따로 있다."
Hawaii Pacific Univeristy,한인 민박 이용하지 마세요. 이사 5개월 사이 3번이나 함. 마지막엔 미국인 친구집에서 행복했다.
Hawaii Pacific University,"기숙사는 여러모로 장단점이 있지만, 하와이의 높은 물가를 고려하면 가장 합리적인 선택이며, 학교와 가까운 위치에 있는 것이 장점이다. 그러나 룸메이트 선택과 방 청결 유지에 주의해야 하며, 추가 비용을 지불해야 하기도 한다. 외부 숙박시설을 찾을 때는 방을 잘 알아보고 경비시설이 잘 되어 있는 곳을 선택하는 것이 좋다."
Heidelberg University,"한때 기숙사를 다른 사람과 함께 사용하는 것도 가능하며, 방을 대여해주거나 다른 기숙사로 이사할 수 있습니다. 기숙사를 사용할 때는 조용히 사용하고 깨끗히 사용해야 하며, 기숙사 계약을 파기하고 이사하는 것은 어려우며 비용이 발생할 수 있습니다. 유스호스텔(Jugendherberge)은 Neuenheimer Feld에 있으며, 하루 숙박료는 아침식사를 포함한 20유로 정도이며, 기숙사와 관련된 정보를 얻을 수 있는 웹사이트도 있습니다. 사용하는 동안에는 시설을 깨끗이 사용해야 하며, 문을 잘 관리해야 하고, 파티나 이벤트를 개최할 때는 다른 학생들의 동의가 필요합니다. 또한 사기에 유의해야 하며, 구시가지 기숙사들은 룸 컨디션이 떨어질 수 있습니다."
Higher School of Economics,"기숙사 생활은 재미있고 여사님들이 방 점검을 하니 청소가 중요하며, 러시아 거주 등록증 발급 확인이 필요하다. 침구와 수건은 기숙사에서 제공하나 매주 화요일 세탁해야하며, 분위기는 좋지만 사감들은 영어를 못 하고 불친절하다. 공동 화장실, 샤워실, 부엌이 있으며 가격과 시설은 배정 기숙사에 따라 상이하다. 시설은 대체로 청결하고 깨끗하다."
Higher Technical School of Architecture of Madrid,"기숙사나 방을 렌트해서 사용할 때 주의사항이 없으며, 어플에 나오는 사진과 실제 방의 모습이 다를 수 있으므로 꼭 방문 후 계약을 해야한다. 계약서를 꼭 쓰고, 미리 받아 해석해본 후 계약하는 것을 추천한다. 직접 방문하여 결정하고, 중개인 통한 매물보다는 개인 매물을 찾는 것이 좋다. 또한, 월세에 포함된 gasto(가스비, 전기세, 수도세, 인터넷 등)가 포함된 가격인지 확인해야한다."
Hitotsubashi University,"세요.  다양한 조원들과 공용시설을 공유하는 일본 기숙사에서의 생활이 특징이며, 거리가 멀어 통학이 불편하지만 비용적인 측면에서 만족스러운 숙박이 가능하다. 추가로 파티를 통해 일본어 등 회화 연습을 할 수 있고, 학교측에서 지불 방법과 고지서를 안내해준다. 다만 일부 방은 방장과 같이 공용관리를 하고 있다."
Hochschule Furtwangen University,"크리스마스 방학에 기숙사 이용 가능하며 비용은 필수적이다. 기숙사를 사용할 때는 기물 파손과 더럽게 사용하지 않도록 주의해야하며, 위반 시 큰 위약금이 부과된다. 기숙사 외에도 주변에 플랫이나 원룸 등 다양한 숙박시설이 있다. 집주인이 까다로워 디파짓을 돌려받지 못할 뻔한 경우도 있으니 주의해야한다. 숙박시설에서는 굉장히 청소검사가 철저하므로 청결을 유지해야 한다."
Hochschule Osnabrueck,"로젠플라츠는 4인 1플랫, 1인 1실이며 화장실과 부엌은 공유한다. 매일매일 파티가 열리고 학교까지 걸어서 1시간이 걸리지만 버스로는 25분이 소요된다. 시설은 좋아서 방이 넓으며 부엌은 냉장고와 오븐이 갖추어져 있다."
Hof University,"샬레파크는 다른 기숙사 중에서도 가장 탁월한 선택이며, 개인실 사용과 좋은 시설이 있지만 일찍 퇴소해도 한학기 금액을 모두 지불해야하며 부엌은 공유해야 한다. 또한, 살레파크에서는 주요 행사가 자주 열린다."
Hokkaido University,"기숙사 및 숙소 계약 시 필요물품을 미리 정하는 것이 중요하며, International House Kita 8 East의 경우 광열 수도비가 추가로 청구된다. 보증금과 청소비용이 있으며, 여자 기숙사지만 남성도 들어올 수 있기 때문에 주의해야 한다. 남성은 하나의 기숙사에 배치되고 여자의 경우 여러 옵션이 있다. 시설 차이는 미미하다."
Hong Kong Baptist University,"홍콩의 기숙사는 4가지 종류로 나뉘며, 각 홀의 성격이 다르다. CAI 홀은 활발한 기숙사 문화로 유명하며, Hall tutor들이 여러가지 단체 활동을 기획한다. NORTH TOWER는 SOUTH TOWER보다 더 조용하지만, SOUTH TOWER는 매우 시끄럽다. 4인 1실이지만, 군필이기도 하고 친구들과 함께 지내는 것을 좋아하므로 지냈다."
Hong Kong University of Science and Technology,"HKUST에는 기숙사가 10개가 있으며, 신청 시 선택은 불가능하지만 어느 기숙사에 지내느냐에 따라 장단점이 있다. Hall6은 깨끗하고 가격이 적당하며, Hall7은 최신 시설이지만 가격이 비싸다. Hall1부터 Hall7까지는 캠퍼스와 가까우며, Hall3, Hall5는 조금 멀다. 기숙사 내에서는 다양한 활동이 있으며, 새벽에 시끄러울 때가 있다. 기숙사 외에는 가격이 매우 비싸기 때문에 기숙사 이용을 권장한다."
Hongkong University of Science and Technology(HKUST),"기숙사는 랜덤 배정되며, 엘리베이터와 에스컬레이터를 이용해야 강의실로 갈 수 있다. hall 1은 가장 가깝고 hall 9는 멀리 위치하지만 좋은 경관과 시설을 갖추고 있다. hall 6은 1층에 친구들과 만날 수 있는 식당과 수영장이 있다."
Huazhong University of Science and Technology,"남향 방 선택, 11층부터는 가구 딱딱함, 조기 퇴실시 분납금 환불 가능"
ICHEC Brussels Management School,방마다 가격과 환경이 다르며 인터넷이 불안정. 주방과 화장실을 공유하는 구조. 방 상태를 확인해야 함. 거주증을 받지 않는 집주인이 많으므로 조심. 2달치 보증금을 내야 하며 일부는 생활비로 대체 가능
ICN Business School,
IE University,"유학생들에게 집 구하기 전 주의할 점은, 계약서를 꼭 확인하고 관리비 포함된 월세를 구하는 것이 좋다. 룸메들과 사이가 좋아도 한계가 있어서 외국인 친구들이 많이 살고 있는 레지던스를 구하는 것도 좋다. 보증금은 한 달치 월세 또는 두 달치 월세를 요구하므로, 보증금이 낮은 곳을 구하는 것이 좋다. 마드리드의 IE 대학은 기숙사 비용이 비싸지만 마당 차이는 크지 않다. 집 구할 때는 개강 전에 직접 확인하고 계약서를 꼼꼼히 확인해야 한다. 보증금 요구액이 너무 높은 경우에는 피하는 것이 좋다. 또한 집 주인들 중에 악덕자가 있으므로 조심해야 한다."
IESEG School of Management,"YouFirst 계약 시에는 보증인 없을 경우 Garant me에서 추가 보증금을 지불해야 하며, 월세에 따라 지불하는 금액이 다름. 숙소는 멀지만 신설되어 깨끗하고 시설이 좋으며, 기숙사보다는 에어비앤비 혹은 친구집 이용 추천. 조리도구는 구비되어 있으나 생활용품은 챙겨가야 함. 에어컨과 방충망이 없어 여름에는 더욱 덥고 벌레가 들어올 수 있음. 기숙사 문제시 학교측에 문의하고, 물품이 누락된 경우 첫날 확인 필요. YouFirst Residence는 퀄리티가 좋으나 비용이 높음."
INSEEC (ECE LYON),
INSEEC BUSINESS SCHOOL,"프랑스존에서 살 집을 선택할 때 함께 살 사람들과 만나보고 정하는 것이 중요하며, 처음 2-3주는 머무를 숙소를 정하고, 도착해서 직접 집을 눈으로 보고 구하는 것이 좋다고 추천한다. 한인들 중심의 숙박업은 추천하지 않으며, 쉐어하우스나 1인실을 선택하는 것을 추천한다."
INSEEC Business School,"INSEEC는 기숙사를 제공하지 않으며, 학생들은 프랑스나 유학원을 통해 집을 구해야 한다. 집을 구할 때는 범죄율이 적은 15-16구를 추천하며, 외국인과 거래 시에는 사기를 당할 가능성이 있으므로 조심해야 한다. 집 값은 한 달에 400-600유로, 800-1200유로까지 다양하다. 프랑스의 집은 일반적으로 엘리베이터나 에어컨이 없고, 파리북역과 몽마르뜨언덕은 치안이 좋지 않다는 점도 염두에 둬야 한다. 집주인과 계약 시 조건을 명확하게 정리해야 한다."
INSEEC Business School (Bordeaux),"보르도는 기숙사가 없고 숙소 구하기 어렵지만, 교환학생 담당자나 Boncoin 사이트를 이용해 도움을 받을 수 있다. 가격이 비싸기 때문에 같이 살 사람과 청결도에 주의해야 하며 베드버그에도 조심해야 한다. 대중교통이 편리하고 Saint Catherine 거리가 유용한 곳이다. 공립 기숙사는 저렴하지만 거리가 멀고 시설이 노후하며, 사설 기숙사는 가격은 저렴하지만 에어비앤비보다는 아래 수준이다."
INSEEC Business School (Paris),파리에서 집 구하기는 어렵고 비싸므로 직접 가서 보고 계약하는 것을 추천하며 학교 기숙사가 제공되지 않으면 프랑스 에이전시를 통해 집을 구하는 것이 안전하고 쉽다. 물론 사기 위험도 존재하므로 프랑스 사이트에서 직접 집을 찾아 연락하여 상황을 체크하고 협상해야 한다. 이에 불어를 못하면 불어를 할 줄 아는 사람과 함께 가는 것이 좋다.
ISCID-CO,"학교에는 부속 기숙사가 없으며, 해당 정보는 위 링크에서 확인할 수 있다."
Indiana University,"기숙사는 학부생 위주이며 4명이 한 집을 쓰는 형태이다. 선택 시 수업 건물과 거리, 몇 인실인지, 화장실 공용 여부 등을 살펴보는 것이 좋다. 침구는 제공되지 않으므로 마트에서 구매해야 하며 Willkie Quadrangle을 추천한다. 룸메이트는 없는 게 좋다. 교외에서 방을 빌리는 것도 가능하다. 기숙사 단위로 문화 행사를 개최하기도 한다. 가격은 4,800 USD이다."
Indiana University Bloomington,"기숙사와 아파트의 장단점, 위치와 환경에 대한 설명 등 유용한 정보를 제공하며, 특히 숙소를 선택할 때 종강일과 함께 고려해야 할 사항을 언급합니다."
"Indiana University, Kelley School of Business","다운타운을 바라보는 The Avenue 기숙사는 교환학생들에게 매우 인기가 있으며, 주류 판매점이 인접해 편리하다. 기숙사 입사 및 퇴사 절차 및 서류 작성에 유의해야 한다."
Inholland University applied science,"교환학생들이 대부분 Echtenstein 숙소에 거주하며, 4인 4실 구조로 부엌 겸 거실, 화장실, 욕실을 공유하는 방식입니다. 사실 근처 치안은 좋지 않지만, 머무는 동안에는 별 일 없이 지냈습니다. 숙소는 가격이 저렴하고 필요한 물품들을 기본적으로 제공해줘서 좋았습니다."
Inholland University of Applied Sciences,"기숙사는 계약이 되어 있기 때문에 학기 종료 전에 미리 방을 빼도 돈을 다 내야 하며, 기숙사 외에 추천 숙박 시설이 없다. 기숙사를 사용할 때 주의해야 할 점은 없으나, 쉐어하는 부분은 청소와 위생에 신경 써야 한다. 기숙사를 이용하고 싶은 학생은 계약을 하면 된다. 주의해야 할 점은 키친을 공유하는 것이 파티 장소로 자리 잡힐 수 있기 때문에 작은 키친을 선택하고, 혼자 방을 사용하고 싶을 경우 가장 작은 크기의 방을 추천한다. DUWO 외에 추천할만한 숙박 시설은 없다."
Institut national des langues et civilisations orientales,"프랑스에서 기숙사 보증금을 돌려받으려면 프랑스 계좌가 필요하고, CIUP한국관 기숙사를 선호하는 학생은 미리 지원해야 한다. 기숙사 생활에 필요한 보험과 서류는 각기 다르니 잘 준비해야 하며, 기숙사 열쇠나 카드를 잃어버리지 않도록 주의해야 한다. 또한 자리가 적으니 빨리 결정하는 것이 좋다."
Institut superieur du commerce de Paris,"한국관은 직원이 친절하고 시설이 깨끗하며, 국제대학촌 내 학생들을 위한 편의 시설이 좋다. 파리에서의 생활권을 넓힐 수 있어 만족스러울 뿐 기숙사는 입주하기 어려운 상황이었다. 정보가 부족하면 질문해달라고 한다."
Irkutsk National Research Technical University,"기숙사에서는 주로 학교에서 제공하는 방을 사용하게 되고, 시설이나 상태는 열악하며 전기 사용에 제한이 있으며, 세탁기와 냉장고가 없어 불편함을 느끼며 사용해야 했다. 경우에 따라 방 안에 화장실이 있어 좋은 경우도 있으나, 대체로 부적절한 관리로 인한 불편함이 많다는 것 같다."
Jean Moulin University Lyon 3,"이 문장은 프랑스 리옹 대학에서의 기숙사 및 숙박시설에 대한 학생들의 경험과 조언을 담고 있다. 대부분의 학생들은 기숙사 생활을 추천하며, 국가에서 운영하는 공공기숙사인 CROUS가 가장 좋다는 의견이 많다. 그러나 기숙사에서는 주의사항이 있으며, 숙박시설 선택 시 위치와 비용을 고려해야 한다는 것이 학생들의 조언이다. 홈스테이는 학기 동안 생활이 좋아질 수도 있지만 일부 학생들은 추천하지 않는다. 또한, 프랑스어를 잘하지 않으면 행정 처리가 어렵다는 의견도 있다."
Jilin University,"1인실은 거의 사용하지 못함. 기숙사 생활시 공동생활을 위해 배려가 필요함. 기숙사는 우의회관과 남호회관 두 곳이 있으며, 우의회관이 더 이점이 많음. 교환학생은 외주 생활이 불편함. 장학생은 2인 1실. 한 기숙사에서 여러 나라 학생들이 생활하기 때문에 문화차이로 인한 갈등이 생길 수 있음. 등록을 해야 입주 가능함. 8. 방호수가 볕이 드는 방향이므로 호수를 잘 선택해야 함."
KEDGE Business School,"Tip for finding accommodation in France: apply for housing assistance as soon as you arrive, avoid Talence for housing, be careful of strange landlords, and consider using services such as Flatshare or CROUS for lower rent. Avoid relying on Melting Pot or exchange school international offices for housing help."
KIMEP,"기숙사 생활에서는 문 잘 잠그고, 냉장고 음식 단속에 주의해야하며, 방음이 잘 안되고 룸메이트와 잘 지내는 것이 중요하다. 각 방 마다 화장실과 욕실을 공유하고, 주방과 세탁실도 공동으로 사용 가능하며, 지하 1층에 메디컬 센터가 있어 몸무게를 잴 수 있고 처방전도 받을 수 있다. 단, 가끔 단수나 정전이 될 수 있으므로 전화랜선 구매를 고려해야 한다."
Kajaani University of Applied Sciences,"기숙사 이용 가능하며 요금이 고정적이다. 인터넷 연결비는 따로 부담해야 하며, 기간을 명확히 해야한다. 퇴실할 때는 미리 신고를 해야하며 renovation 공사가 있을 수 있다. 추천 숙박시설은 현지에서는 불가능하며, 물가가 비싸고 기숙사 요금도 학생용 할인가격으로 제공된다. 방 크기는 크고 화장실과 샤워실을 공유한다. 청소는 주기적으로 하며 기간이 지나기 전에 퇴실 신고를 해야한다."
Katholieke Universiteit Leuven,"주방, 화장실, 욕실 공유 셰어하우스. 주로 직장인, 학생 4명 거주. 학생 위주이므로 네트워킹에 용이하며 대중교통 정보, 우범지대 확인 필요. 기차역 인접, 이동 용이함."
King's University College (University of Western Ontario),"겨울방학 때는 2주 정도 기숙사를 이용할 수 있고, 룸메이트를 선택할 때는 International student으로 하면 한국인 룸메이트를 만날 수 있지만 언어적인 단점도 있다. 기숙사 사용할 때는 물건 파손을 조심하고, 기숙사 외에 다른 숙박시설을 이용해야 할 경우도 있다."
Kingston University,"킹스턴 대학교에서는 한 학기 수학자의 기숙사 입실 지원이 불가능하며, 기숙사 생활시 주의사항과 기숙사 외 추천 숙박시설이 제공된다."
King’s College London,"KCL의 전공에 따라 캠퍼스가 분산되어 있으므로 주거지 선택 시 캠퍼스와의 거리와 교통편을 고려해야 하며, 방 유형에 따라 화장실 크기와 친구와의 교류 여부를 고려해야 한다. 학교와 주거지 간의 거리와 교통수단, 화장실과 부엌이 공용인지 등을 살펴봐야 하며, 친분이 좁은 학생수가 적은 기숙사를 선택하는 것도 좋다. Ensuite 유형은 1인 1실이지만 주방은 공용이며, 공동 화장실을 사용할 것인지 여부, 가격 대비 해야 할 선택 등도 고려해야 한다."
Kobe University,"교환 유학생들이 자주 이용하는 기숙사는 고베 인터네셔널 레지던스이며 1인 1실이 기본이다. 부엌은 공용이고 화장실은 개인 방에 붙어있는 방도 있고 공용인 방도 있다. 밤에는 조용히 해야 하며 세탁실과 건조실은 복도에 별도로 있다. 더 나은 숙박 시설을 찾고자 한다면 인터넷에서 검색해보면 된다. 먼지가 쌓여있을 수 있으며 인터넷, TV 계약 등은 개인적으로 처리해야 한다. 방은 개인적으로 꾸미며 겨울에는 난방 장치를 자주 사용해야 하며 부엌과 화장실, 욕실은 매일 청소를 한다. 기숙사 사무실에는 2명의 관리인이 있으니 처음에는 엄격하게 대할 수 있지만 적응하면 된다."
Kyushu University,"규슈대학교의 기숙사는 가격이 저렴하고 위치도 좋은 장점이 있다. A/B동은 일반 집 형태이고, C/D/E/F동은 1인1실 제공. 방 크기와 기타 기준으로 C 동과 E 동이 가장 배정 운이 좋다. I동은 좁지만 바퀴벌레가 적고, H동은 크지만 가격이 높다. 바퀴벌레에 대한 감수가 필요하다. 기숙사 외 다른 숙박 시"
LUT University,"기숙사는 1년 교환학생에게 가능하며, 위치에 따라 비용이 달라집니다. 자전거를 타고 다니기 좋으며, 룸메이트와 친해져 즐거운 생활을 할 수 있습니다. 마지막에는 청소를 꼭 해야 deposit을 돌려받을 수 있고, 침구류는 구매하는 것이 좋습니다. 기숙사 외의 숙박시설은 잘 모르지만, 기숙사가 추천됩니다."
La Rochelle University,"각 학생들이 이용한 기숙사에 대한 정보와 추천 숙박시설에 대한 정보가 있다. 기숙사 이용 시 계약서 확인과 전기세 포함 여부를 고려하면 좋고, 숙박시설은 외국인 친구 만날 수 있고 언어 교류를 할 수 있는 곳을 추천한다."
Lanzhou University,각 기숙사와 방에는 장단점이 있다.
Lappeenranta Univeristy of Technology,"세탁기와 사우나는 어플로 예약이 가능하며, 열쇠 관리가 중요하며 수리는 인터넷 사이트를 통해 신청 가능하며 청소는 꼭 해야 보증금이 모두 돌려 받을 수 있다."
Leiden University,"빠르게 기숙사를 신청하는 것이 좋다. 룸메이트와 공간을 나누는 방식도 있다. 방학 때는 국제사무실과 연락하여 머무를 수도 있다. 기숙사 사용 시 주의할 점으로, 방문 방범이 취약하고 가격이 천차만별이다. 방의 흠집을 조심하고, 옆방의 친구들과 잘 지내는 것이 중요하다. 더 저렴한 기숙사나 네덜란드 집 공동거주를 찾아볼 수 있다."
Leonardo da Vinci University Center,친구와 함께 쉐어형태로 방을 구했고 시설은 깔끔하다. 돈은 부담되지만 시설은 유럽 건물 수준으로 세련되고 현대식이다. 안전한 지역인 15구에서 집을 구하는 것이 좋다. 프랑스존을 이용하는 경우 신중하게 계약을 맺어야 한다. 알로까시옹 적용을 받은 가격으로 계약을 해서 편했다
Leuphana Universitaet Lueneburg,"보증금은 일반적으로 한 달치 월세로 냅니다. 퇴실 시 체크가 꼼꼼히 이루어지기 때문에 생활하면서 데미지에 주의해야 하며, 데미지가 발생한 경우 바로 알려야 합니다."
Leuphana University,
Leuphana University of Luneburg,기숙사 관리가 편하나 처리속도가 다소 느림. 디지털미디어 전공은 암산데 근처 숙소 추천. 숙소 계약 시 사기에 유의해야 함. 학교와 가까운 숙소 선택 권장. 문스터만캄프 기숙사는 가격이 비싸지만 좋은 선택. 많은 학생들이 함께 지내면 좋음. 보증금은 깨끗하게 사용해야 돌려받을 수 있음
Lille Catholic University,"교환학생이 프랑스 기숙사에서 도난을 당했을 때, 카드를 정지하고 폴리스리포트를 작성하는 것이 중요하며, 영수증과 보험 처리 비용에 대한 서류를 잘 구비해야 한다. 프랑스 행정처리가 느리기 때문에 학교에 도움을 요청해 압력을 넣는 것이 좋다. 기숙사는 비싸지만 내부 화장실이 있는 것이 좋았다. 교환학생은 거의 없다."
Lille Catholic University ( I?SEG ),순위를 신청할 때 기준을 모르겠지만 다행히 1지망이 되었지만 조금 랜덤한 느낌이 들었다는 것이다.
Linkoping University,"교환학생으로서 스웨덴에 기숙사 생활을 하는 경우, 같은 코리도어(corridor)에 8명이 생활하며 부엌과 거실을 함께 사용한다. 따라서 각자의 청결을 유지하고 공용 물건의 사용을 잘 구분하는 등의 예절을 지켜야 한다. 또한 보증금을 모두 돌려받는 경우는 드물기 때문에 방을 비웠을 때 깨끗한 상태로 남겨야 한다. 기숙사 이외에 다른 숙박시설을 찾을 수 있지만, 기숙사에서 생활하는 것이 교환학생으로서 좋다."
Linnaeus University,"기숙사는 1인실로 각 층에 대략 12명이 살며 부엌과 거실을 공유하며, 세탁실도 따로 마련되어 있다. 기숙사 종류에 따라 비용이 다르며, 첫 달치 렌트를 보증금으로 내야 하며 청소를 잘 해야 보증금을 돌려받을 수 있다. 기숙사 외에도 Stallvagen이라는 원룸 형식의 숙박시설도 있으나 교환학생에게는 추천하지 않으며, 학교에서 기숙사 배정 후 이메일로 상세히 안내해 줄 예정이다."
London College of Fashion,학교가 옥스포드 서커스 주변에 위치하므로 교통이 편리한 곳을 선택하는 것이 좋다.
Lucerne University of Applied Sciences and Arts,"9월부터 1월까지의 계약에서는 입사 시기나 퇴사 시기에 상관없이 전액을 지불해야 하며, 기숙사나 숙소를 계약할 때는 주의해야 함."
MCI Management Center Innsbruck,"보증금과 월세는 잘 납부하고, 퇴실 전에 청소하고 가는 게 좋다. 이 기숙사는 다른 학생들을 만나기 좋은 곳이지만 조용한 공간을 원하는 사람에게는 추천하지 않는다. 1인실을 추천하며, 빈 방이 없다면 대기하는 것이 좋다. 학교와 가까운 곳을 예약하는 것이 좋고, 기숙사 매니저들은 도움을 준다. 기숙사는 깨끗하고 친구 사귀기 좋은 장소이며, 현지 은행 계좌에서 원세를 납부하고 보증금은 퇴실 시 받을 수 있다."
MONTANA STATE UNIVERSITY,"한달에 100만원 정도로 생각하면 가능한 기숙사들이 있으며, 저렴한 아파트 식 가족용 숙박시설도 추천한다. 대부분의 신입생이 있는 곳이 시끄럽지만, 친구들을 사귀기에는 좋은 선택이다."
MOSCOW NATIONAL COLLEDGE RUSSIAN LANQUAGE,"기숙사 비는 2개월 단위로 분할하여 내야 하며, 관리비는 별도로 내야 합니다. 퇴사 시에는 서명해야 합니다."
Maastricht University,"Maastricht University는 Central Campus가 없고 각 faculty마다 건물이 마을 곳곳에 산재되어 있음. 기숙사 선택 시 구글맵 등을 통해 위치를 확인하고, 최대한 학교에 등교하기 편한 위치를 선택할 것을 권장함. 밥은 제공되지 않고 본인이 스스로 취사를 해야함. 세 개의 건물(C동, P동, 따로 떨어진 건물) 중 C동 방이 대부분 교환학생들이 선택하는 장소임. C동 방은 개인실(A, B, C타입)과 2인실이 있으며, B타입이 가장 많이 선택됨. P-building은 대부분 2인실이며, 개인 주방이 있음. Maastricht Housing 외에도 다른 건물과 flat 구하기도 가능함. ISN Maastricht에서 기차역에서 기숙사로 이동할 수 있는 벤 서비스 제공함."
Mainz University of Applied Sciences,"기숙사 신청을 빠르게 하고, 메일을 지속적으로 확인해야 하며 주기적으로 확인 메일에 응답해야 한다. 기숙사 선택 시 자신의 성향에 맞게 선택하고, 주변 시설도 고려해야 한다. 또한 학교와의 거리, 주방이나 화장실의 공유 여부가 중요하며 방을 최대한 깨끗이 사용해야한다. 기본 계약 단위는 6개월이며 방학 때의 사용이 포함되지만, 이용하지 않고자 할 경우 개인적으로 매매하거나 마인츠 시 총괄 학생처에 이야기하여 다른 사람이 이용하게 할 수 있다."
Mainz university of Applied science(Hochschule Mainz),"보증금을 내고 Kisselberg에서는 싱글룸과 플랫(4명이 함께 지내는 형태) 두 가지 방이 있다. 개인적으로 언어, 문화교류를 하기 위해 플랫을 신청한 결과 좋은 플랫메이트들을 만나면서 즐거운 생활을 했고, 시설면에서도 넓은 공간과 오븐 등을 사용할 수 있어서 만족스러웠다. 부엌, 화장실, 샤워실은 플랫메이트들과 공유하기 때문에 퇴실 때 책임감이 덜해서 부담이 적다."
Major University,"플렛 메이트가 총 5명이며, 각각 1인실 방과 화장실을 공유하며, 난방시설은 없으나 전기장판을 사용하여 겨울에도 불편함이 없다. 칠레의 치안이 괜찮지만, 안전한 지역에서 방을 구하는 것이 좋다. Providencia나 Las condes지역을 추천하며, 특히 경제, 경영, 법, 교육 전공자는 Providencia를 강추한다. 전반적으로 깔끔한 시설과 안전한 주변환경, 친절한 주인 부부와 룸메이트 덕분에 불편함 없이 지낼 수 있다."
Masaryk University,"기숙사 사용시 주의사항 없음. 싼 가격에 인터넷이 잘 돌아가는 기숙사 추천. Vinarska 기숙사가 교환학생들이 많이 머물기 때문에 추천. 방중 사용 가능하고, 2인 1실이지만 적당한 시설이 갖춰져 있음. 기숙사 생활은 교환학생들과 함께하며 파티 등 교류의 기회가 많음. Vinarska 기숙사외에는 추천하지 않지만 학생식당 있음. 3층 이상의 방 선택이 좋음. 무조건 Reconstructed room 선택을 권장하며, 위생과 조용함을 위해서는 높은 층 수 선택이 좋음"
Masaryk university,"기숙사 위치가 좋아서 편리하지만, 화장실과 주방이 공용이어서 불편했습니다. 또한 벌레가 많아서 방충망이 없는 방에서 잠을 자야 했습니다."
Memorial University of Newfoundland,"기숙사는 여러 가지 종류가 있고 비싸며 대부분 공용 부엌과 화장실을 사용해야 하지만, Burton's Pond Apartment는 요리를 할 수 있고 가격이 낮습니다. 하지만 겨울에는 지하터널을 걸어서 이동해야 하고 파티가 많이 열리지 않습니다. 만일 오래 머무르거나 친구와 함께 머무는 경우에는 off-campus를 추천하지만 겨울 학기에는 기숙사가 편리합니다. 또한 샬렛, 올드레지, 뉴레지는 주방이 공동이거나 개인 방이 있는 다양한 유형의 기숙사입니다."
Memorial University of Newfoundland (Grenfell Campus),기숙사 신청은 학교 홈페이지에서 간단하게 할 수 있다.
Middlesex University,기숙사에 이불과 베개가 없어서 직접 가져가야 했던 경험이 있었다.
Monterrey Institute of Technology and Higher Education,"교환학생들은 대부분 기숙사에서 생활하지만, 가격이 비싸기 때문에 주변 집을 구하는 것도 일반적이다. 집을 구할 때는 학교에서 도움을 받을 수 없으며, 직접 보증금을 내고 계약을 해야 한다. 집의 상태는 주인마다 상이하며, 자취를 하는 경우에는 다른 국적의 학생들과 함께 살 수 있고, 아파트의 퀄리티도 가격대에 따라 다르다. 주변 환경과 가격 등을 고려하여 신중하게 선택해야 한다."
NATIONAL CHIAO TUNG UNIVERSITY,
NEOMA Business School,CAF 학생 주거비용 지원을 신청할 때는 미리미리 해결하는 것이 좋다. 숙소 계약 시에는 해외 송금으로 기숙사비를 2-3일 정도 미리 입금하면 좋다. 전기세는 따로 납부해야 하는 경우도 있다.
NHL Stenden University of Applied Sciences,기숙사 비용은 학기 중에만 발생하며 가격은 비싸다. 기숙사를 이용하는 경우 청결과 예절을 지켜야 한다. 기숙사 이외에는 대부분 중개업체를 통해 집을 구한다. 중개업체를 통한 계약은 가격이 비싸며 계약 후 방을 옮기기 어렵다. 추천 숙소는 개인의 취향과 사생활을 고려하여 선택해야 한다.
Nagasaki University,"기숙사는 교환학생에게 가장 편리한 숙박시설이다. 기숙사는 공동시설이지만 깨끗하게 사용해야 한다는 주의사항이 있다. 각 캠퍼스와 기숙사를 이어주는 거리는 도보나 자전거로 20분 정도 소요된다. 기숙사 비용은 수도, 가스, 전기 요금까지 포함하여 월 23,000엔 정도이다. 교환학생은 한 달에 75,000~80,000엔 정도의 총 생활비가 필요하다. 학교식당은 한끼에 380엔이다. 기숙사는 시설이 좋은 편이지만 주변 편의시설이 부족하다."
Nagoya University,"기숙사는 저렴하고, 인터넷 사용에 따라 차이가 있으며, 금연 및 쓰레기 분리수거가 필요하다. 기숙사 OT에 참여하여 전기, 가스, 수도 등에 대해 알고, 공과금의 제때납부가 필요하며, 방 안에는 필요한 가구와 욕조가 있다. 기숙사 외에도 추천 숙박시설이 있다. 특정 과목에서는 출석 부르지 않는 경우도 있다. 기숙사를 떠날 때는 검사가 있으므로, 미리 예약해두는 것이 좋다. 현금으로 결제 가능하며, 열쇠 분실 시 벌금이 있다. 로비에서 음식·술은 먹을 수 없다. 각 숙소마다 장단점이 있으니 선택은 자유다."
Nagoya Univesity ,
Nankai University,"남개대 기숙사는 등록 기간이 길수록 비용이 저렴하고, 보증금은 400위안으로 현금 또는 중국 카드로만 결제가 가능하며, 시설은 깨끗하고 엘리베이터가 없는 2인 1실이다. 겨울에는 난방이 부족하므로 전기장판과 두꺼운 이불을 구입해 사용하는 것이 좋다. 남개대 기숙사 외에도 적절한 숙박시설이 있다. 단기 파견 프로그램에 참가하는 경우 개인적으로 걱정할 부분은 없다."
Nanyang Technological University,기숙사에는 와이파이가 없으므로 공유기와 랜선을 가져가야 한다. 새로 지어진 기숙사일수록 좋은 시설을 사용할 수 있다. 기숙사는 비싸기 때문에 Off-campus accommodation으로 이동하기 어렵다. 경고를 안 받으려면 밤에 시끄럽게 떠드는 것을 피해야 한다. 기숙사에서 우편함 키를 분실하면 추가 비용을 지불해야 한다. 난양공대 기숙사에는 냉장고가 없어서 미니 냉장고 대여 서비스를 이용해야 한다. 여러 활동이 가능한 동아리에 참여하면 현지 친구들과 빠르게 친해질 수 있다.
National Chengchi University,"대다수의 경우 체크해도 현지인이나 다른 국적의 룸메이트와 함께 생활하는 기숙사가 많다. 기숙사 사용 시 서로 배려하는 것이 중요하며, 바퀴벌레 등이 나오므로 청소를 자주 해야 한다. 기숙사 외에도 여러 추천 숙박시설이 있다. 추가 비용을 내면 방학 때도 기숙사 이용이 가능하다."
National Chiao Tung University,"기숙사는 지저분하고 불편하며, 호텔에서 방을 구하는 것이 더 좋다. 학교 밖 룸쉐어는 더 좋은 삶의 질을 제공하고 교환학생 친구들 사귀기가 더 용이하다. 겨울에는 전기담요를 가져가는 것이 좋다."
National Chung Cheng University,"기숙사는 매트리스가 미포함이므로 두꺼운 이불과 얇은 담요를 추천하며, 인터넷은 따로 신청해야하고 핸드폰 무제한 인터넷을 이용하는 것을 추천한다. 또한 기숙사 안에서 나무 매트를 사면 딱딱함을 느끼게 된다. 그리고 모기가 많으니 예방조치를 취해야 한다."
National Institute for Oriental Languages and Civilizations,
National Sun Yat-sen University,"중국 대만의 기숙사인 우링 기숙사는 전체적으로 깨끗하고 시설이 잘 갖추어져 있으며 학생식당도 가까이 있어 편리하다. 다만 주의할 점으로는 양치는 방 안에서 가능하고 냉장고가 없어 찬 음식 보관이 어렵고, 원숭이에게 주의해야 한다는 것이다. 또한 방의 청결도와 위치 등 방에 따라 평가가 천차만별하며 1층에는 벌레가 많아 조금 불편할 수 있다."
National Taipei University of Technology,"타이페이 대학생이 살곳을 찾기 어렵고 비싸므로 선택지가 적다. 대만 친구의 도움을 받아 방문하고 계약서 작성을 위해 영어를 잘하는 집주인이 좋다. 대부분의 렌탈 하우스가 주방이 없으므로 요리는 포기하고, 역이 근처에 있으면 어디든 괜찮다. 벌레 문제나 해가 비치지 않는 문제, 습기로 인한 벽 시멘트 벗겨짐 등 확인해야 할 사항이 많다."
National Taiwan Normal University,
National Taiwan University,"대부분의 기숙사는 깨끗하고, 외국인 친구를 사귈 수 있는 좋은 환경이라고 말하고 있으나, 방음이 잘 안되며, 특히 겨울에 추워서 전기장판이나 제습기가 필요할 수 있고, 대만은 110V를 사용하기 때문에 국제용 콘센트를 챙겨야 합니다."
National University of Ireland,"기숙사는 없으며, 학생 전용 기숙사나 다른 숙박시설 이용을 추천하며, 기물 파손 시 Deposit에서 차감됩니다."
Niels Brock Copenhagen Business College,"기숙사가 없는 학교로 학생들이 집 구하기가 어렵다. 학교가 제공하는 리스트나 인터넷을 통해 방을 구할 수 있지만, 일부 사람들이 보증금 사기를 하는 경우가 있으므로 주의해야 한다. 기숙사가 없어 국제학생들끼리 모이기 어려우며, 소셜 이벤트가 적어서 단점이 될 수 있다."
Nipissing University,"타운하우스가 가장 편리하면서도 가격이 저렴하지만 쥐가 들어오는 등 시설이 오래된 편이다. Chancellor's, Founder's, Governor's는 신식 시설이며 가격도 적당하다. 기숙사 비를 카드로 낼 경우 수수료가 크게 부과되거나 한도를 넘어가서 번거로울 수 있다. 기숙사에서 파티 문화는 조용하게 지내고 싶다면 신청 시 파티와는 거리가 멀게 선택하는 것이 좋으며, 캐나다의 파티 문화는 한국과 차이가 있을 수 있다. 가버너는 교내 위치하며 도서관과 가까워 생활비를 절약할 수 있지만, 챈슬러나 파운더에 비해 가격이 비싸다."
Nishogakusha University,"기숙사는 깨끗하고 편리한 곳이며, 주의사항은 없지만 깨끗이 사용해야 함. 기숙사 외에도 주변에 깨끗하고 저렴한 호텔이 있음. 기숙사는 1인 1실로 갖추어져 있으며, 전기, 수도, 가스 요금은 본인 부담. 기숙사와 같이 사는 친구들과 소음, 방해하지 않도록 주의해야 함. 방학 중에도 기숙사 사용 가능하지만 광열비는 본인 부담. 깨끗하게 사용해야 예의가 있다. 캡슐호텔도 추천하나 여성 분들이 사용하기 어려울 수 있음. 기숙사는 넓고 쾌적하며, 조용한 동네에 위치해 있음."
North Park University,"기숙사 이용 시 주의사항으로, 방학에는 폐쇄될 수 있으며 기물 파손 시 변상이 필요하고, 외부인 출입에 제한이 있으며 주류 소지나 기숙사 외 숙박시설도 추천됩니다. 또한, 기숙사 종류마다 성별 제한과 퇴실 시간이 다르며, 기숙사 사용 중 비워야 하는 경우가 발생할 수 있습니다."
Northumbria University,"영국 교환학생들의 기숙사 생활에 대한 후기와 꿀팁을 제공하는 글이며, 기찻길이 지나가는 Camden Court 기숙사의 위치와 근무시간이 짧은 것, 외식을 고려할 수 있는 환경 등을 주의해야 하며, 기숙사 외 숙박시설도 추천하고 있으며 가격대비 좋은 시설을 고르는 것이 좋다는 것이 핵심 내용이다."
Northwestern Polytechnical University,"도둑이 많으니 문을 잘 시건하고 다니며, 상당히 지저분하고 사람이 많은 곳이므로 청소가 필요하다."
Okanagan College,"기숙사는 Pod과 Suite가 있으며, 등록이나 변경 등 돈 관련 문제가 발생 시 시간이 걸릴 수 있어 주의해야 한다. 기숙사 외 숙박 시에는 홈스테이 정보를 얻을 수 있고, 홈스테이를 이용할 경우 출국 전에 신청하고 확정 받아야 한다. 또한 셰어하우스의 경우에는 포함 여부와 위치 확인이 중요하며 보증금은 한 달 월세의 반 정도이다."
Okayama University,"각 대학교의 기숙사는 방학에도 사용 가능하며 경비는 동일하다. 하지만 기숙사의 청결 상태는 기대하지 않는 것이 좋다. 기숙사 외에도 추천 숙박시설이 있지만 경제적으로는 기숙사가 더 나은 선택이다. 기숙사 내부 시설은 대체로 괜찮으나 방음이 잘 되지 않는 점이 주의사항이다. 캠퍼스 아시아로 파견된 학생들은 전기, 가스, 수도세를 지불해야 하며 가스 요금이 다른 요금에 비해 비싸니 주의해야 한다."
Osnabrueck University of Applied Sciences,"기숙사는 6개월 단위로 계약하며, 플랫메이트와의 규칙 준수와 청소플랜 수립이 필요하다."
PUSHKIN STATE RUSSIAN LANGUAGE INSTITUTE,바퀴벌레 출현에 조심
Pantheon-Sorbonne University,파리에서 기숙사를 구할 때는 대부분 비싸고 위치가 좋지 않다. 여학생 전용 기숙사는 파리 시내에 많이 있다. 일반 스튜디오나 홈스테이는 프랑스존이나 1대학에서 제공하는 사이트를 통해 구할 수 있다. 파리는 구역에 따라 집 값 차이가 크고 치안 상태도 다르기 때문에 미리 알아보고 적정한 가격의 숙소를 구하는 노력이 필요하다. 학교에서 제공하는 부동산 업체나 기숙사를 이용하는 것이 좋다. 특히 프랑스어가 유창하지 못하면 어려움을 겪을 수 있다.
Paris Dauphine University,"기숙사에서는 영어 커뮤니케이션에 어려움이 있고, 방 상태나 변경 요청 등에도 불편함을 느끼는 경우가 있다. 그러나 위치는 좋고, 주변에 지하철역과 마트가 있어 생활 편의성은 높다. 기숙사 건물은 대체로 신식이며, 시설도 깨끗하다. CAF 주택보조금이 있다면 더욱 좋지만 서류 처리가 오래 걸린다는 점과 보증인이 있으면 외국인이 집을 구하기 어렵다는 점에 주의해야 한다. 또한 청소는 꼼꼼하게 하지 않으면 보증금이 깎이는 등 다소 규정이 엄격하다. 위치는 좋으나 친절한 직원은 아닌 경우가 있고, 미끄럼 예방을 위해 방충망을 준비하는 것이 좋다."
Paris School of Business,"기숙사 사용시 조용하고 깨끗하게 사용해야 하며, 기숙사가 없는 경우에는 민박, 홈스테이, 스튜디오 등의 숙소를 추천하며 상황에 맞게 선택해야 한다. 학교에서 추천해주는 숙소를 이용하는 것이 좋으며, 한인 사이트에서 룸메이트를 구할 경우 사기에 주의해야 한다. 씨떼 기숙사의 경우 인맥이나 학력 등의 조건이 있고, 울랄라 파리 카페에서는 유학생들을 위한 저렴한 민박을 찾을 수 있다. 전반적으로 숙소 선택은 신중하게 해야 한다는 내용이 있다."
Peking University,"기숙사 사용 시 주의할 점은 기물 파손과 공급 부족이며, 인터넷비와 전기세는 개인 부담이다. 기숙사 외 추천 숙박시설은 여러 종류가 있으나 대부분 시설이 좋지 않거나 없다. 몇몇 호텔은 호텔식 서비스를 제공하며, 주방 시설이 없는 곳도 있다. 추천하는 숙박시설은 없다."
Pennsylvania State University,"교환학생들은 보통 Meal Plan level 1을 선택하고 나중에 추가할 수 있다. Pollock Hall은 교환학생들과 룸메이트를 사귀고, McElwain Hall은 현지학생 친구들을 사귀기 좋다. Beaver Hall은 대부분 2인 1실이므로 좋은 룸메이트를 만날 필요가 있다. Global Engagement Community에 참여하려면 Beaver Hall에 배정되는 경우가 많다. South Hall의 위치가 좋고, East와 North Hall은 매우 불편하다. Meal Plan은 나중에 추가할 수 있고, level 1로 일단 신청하는 것이 좋다. 미국 숙박은 비싸므로 미리 계획을 세우는 것이 좋다. 기숙사 시설은 Pollock, South, West 등이 좋으며, Beaver Hall은 화장실이나 위치가 불편하다."
Polytechnic University of Milan,"해외 기숙사를 구할 때는 미리 정보를 찾아보고 계약하는 것이 중요하며, 교통, 마트, 거리 등을 잘 확인해야 한다. 중개비 할인 코드를 확인할 수도 있으며, 이탈리아의 경우 체류허가증을 신청해야 집에 들어갈 수 있으니 미리 신청해둬야 한다. 거절당하면 곤란하기 때문에 미리 대비해야 한다."
Portland State University,"기숙사는 1인실, 2인실 등으로 가격이 다르며, 열쇠 관리에 주의해야하며, 홈스테이나 아파트 렌트도 가능하다. 방학 때 기숙사 이용 시 열쇠와 학생 ID를 소지하고 다녀야하며, 벌금이 있을 수 있으며, 홈스테이를 추천한다."
Pushkin Institute,"기숙사나 숙소를 선택할 때 바퀴벌레에 대비해서 약을 가져가는 것이 좋으며, 리모델링이 된 층을 선택하는 것이 좋다. 10층 이상은 추천하지 않으며, 2인실로 방을 배정 받는 것이 좋다. 기숙사 상태는 좋지 않으니 주의해야 하며, 가격은 약 55만원/1학기이다."
Queen Mary University of London,"기숙사 사용 시 주의사항으로, 가을학기만 수강하면 방 비우기, 1년 이상이면 방학 때도 사용 가능함. 또한, 신청 시 욕실 있는 곳 선택 권장. Queen Mary 대학의 Student Village는 깨끗하고 필요한 것들이 잘 갖추어져 있으며, 쾌적한 환경에서 살 수 있음."
Queen's University Belfast,"Queen's 대학 기숙사는 여러 건물로 구성되어 있으며, 신청은 빠르게 해야 원하는 기숙사에 입사할 수 있다. 기숙사는 10-12명이 함께 생활하며 화장실과 샤워시설, 키친을 공유하며, 식당은 없으므로 스스로 요리를 하거나 사먹어야 한다. 중요한 수업이 있는 경우 거리를 고려해 Ashby 기숙사를 선택하는 것이 좋을 수 있다. Quiet 옵션의 Elm's Village 기숙사는 파티를 좋아하고 친구를 사귀는 분들에게 적합하며, 한국과 달리 남녀 구분 없이 생활한다. 추천 숙박시설은 없다. 기숙사에서 주의해야할 사항은 규칙을 준수하는 것이다."
Queensland University of Technology,"기숙사 위치는 좋지만 가격이 비싸며, 퇴실 시 청소비를 추가 공제하는 점과 보증금을 돌려받는 데 시간이 걸리는 등 부담이 많았다. 학교는 외부 기숙사 몇 개를 소개해주지만 직접 확인하지 않고 계약하는 것은 안심이 되지 않으며, 호주의 렌트는 계약의 효력이 강하기 때문에 잘 계획하고 신중히 계약해야 한다는 것이다."
RWTH Aachen University,"기숙사 내부에 조리도구와 함께 이용 가능한 물품이 없는 경우가 있어 쇼핑을 해야 할 수도 있지만, 아마존 프라임 학생 계정을 등록하면 편리하게 필요한 물품을 받을 수 있다. Haaren에 있는 기숙사는 위치가 좋지 않지만 1인실이 많고, 기숙사를 신청할 때 1인실을 체크하지 않는 것을 추천한다. 또한 일정 시간 이전에 도착할 경우 Hausmeister에게 방 열쇠를 받아야 하므로 WhatsApp으로 연락하여 입주 일정을 잡아야 한다. 침대와 매트리스가 제공되지 않기 때문에 현재 사용하던 방에 침대와 매트리스가 없다면 중고 구매를 권장하며, 기숙사 내부에 공용 주방이 있으므로 식기나 조리도구를 구매하지 않아도 된다. 이불은 제공되지 않으므로 휴대용 침낭을 준비해야 한다. Ag는 기숙사 업무를 담당하는 자치 학생 그룹으로, 저렴한 가격에 다양한 서비스를 이용할 수 있다."
Radboud University Nijmegen,"기숙사 선택 시 위치와 분위기, 공용 시설 등을 고려해야 하며, 학교와 가깝고 가격이 저렴한 후게벨트가 파티가 많으나 청결도가 떨어져 불편할 수 있고, 보센벨트는 강가 주변에 위치하고 개인 샤워실이 있으나 학교와 멀고 경쟁이 치열한 경우가 많아서 빨리 신청해야 한다는 의견이 많다. 탈리아는 깨끗하고 조용하다는 이미지가 있으며 지하에 클럽도 있고 시내에서도 놀기 적합하다. 여학생 전용 플랫도 있다. Vossenveld는 개인 샤워실이 장점이지만 학교와 멀고 엘리베이터가 있어서 좋다는 의견이 있다. Lent는 새 건물이 이전해서 학교와 가깝고 시설도 좋으며, 가격이 비싸지만 새 건물에 살면 여러모로 편리할 것으로 보인다. 호그벨트는 학교와 가까워서 좋고, 친구들과 모여서 어우러질 수 있는 분위기가 좋으며 코리도어 파티도 자주 열린다. 단점으로는 샤워 공간이 좁고 수압이 약하며 소음도 심하다고 한다."
"Renmin University of China, School of Business","기숙사 선택에 있어서 고려대학교 내의 기숙사는 선택지가 제한적이며, 수질이 좋지 않은 등 여러 불편한 점이 있지만 1인실이 가장 좋은 선택이며, 교환학생은 한 학기치 기숙사비를 일시 지불하고, 귀국 시 일할 계산을 통해 남은 금액을 돌려받게 된다. 시간을 잘 맞추어서 지원해야 한다는 것이 중요하다."
Ritsumeikan University,"리츠메이칸 대학의 유학생 대상 기숙사는 I House 1과 2, 그리고 라피타라는 원룸 시설이 있다. 가격과 학교와의 거리 등을 고려하여 기숙사를 선택하는 것이 좋으며, 학교에서 배정하는 기숙사에서 생활하는 것도 좋다. 공동 생활이므로 관리인이 주의 사항을 알려주고, 외국인 친구들을 사귀기 좋은 장소이다. 입주할 때 한 달치 월세를 보증금으로 내야 하며, 기말은 레포트로 대체하는 경우가 많다."
Roskilde University,"교환학생이 신청할 수 있는 기숙사는 Rockwool, Kolibrien, Korallen으로 교환학생들이 모여있는 기숙사가 학교생활과 교우관계에 좋아 추천하며 주방과 식기를 사용할 때 청소를 꼼꼼히 하는 것이 중요하다고 말하였다. 또한 Korallen은 개인 화장실과 부엌이 있지만 비싸며 멀리 떨어져있고, Kolibrien은 화장실은 개인이지만 부엌은 같은 층에 있는 학생들과 공유해야 하며, Rockwool은 부엌을 4명과 공유하기 때문에 비교적 관리가 쉽다고 하였다."
"Royal Holloway, University of London","방학 때 개인 화장실이 있는 1인 1실 기숙사를 사용할 수 있으며, 주방 및 생활용품 등이 구비되어 있으며 청소와 쓰레기 처리는 매일 해 준다. 추가로 추천하는 숙박시설이 없다."
Ruhr Universitat Bochum,
Ruhr University Bochum,"기숙사는 메일로 첨부된 지침을 따르면 큰 어려움 없이 사용할 수 있으며, 바로 앞에 공원이 있고 HOUSE KEEPER가 친절합니다. 1인실은 혼자 있는 것을 좋아하고, 3~4인 Flat은 다른 관계의 친구를 만나고 싶을 때 추천됩니다. 각자 방 있고 부엌과 화장실을 공유하는 방이 있으며, 방 선택 시 구비된 식기류에 유의해야합니다. 새로 지은 기숙사는 깔끔하고 다른 기숙사들에 비해 조금 비싼 편입니다. Stiepeler Str.71a에 Heimbar가 있으니 시끄러울 때가 있으므로 유의해야합니다. 계약서는 도시 거주지 등록 시 필요하며, 보증금이 있지만 철저하게 검사하지는 않는 것 같습니다. 학교와 가까운 기숙사는 1인실이 좋으며, 가스레인지와 냉장고가 고장 나는 경우가 있습니다. WG의 경우 식기류 등이 구비되어 있지만 1인실은 본인이 마련해야합니다. 기숙사는 일부 학과 수업을 제외하면 1월까지 계약하여 필요한 경우 2월로 연장하는 방식이 좋습니다. House Master가 영어를 못하는 경우도 많은 것으로 보입니다."
Ruhr University of Bochum,1인 아파트먼트에서 혼자 지내는 것이 매우 좋았다.
SGH Warsaw School of Economics,"기숙사는 대부분 Sabinki로 배정되며, 방과 크기는 다양하고 운이 중요한 요소이다. 초기에는 방을 바꿀 수 있으나, 기숙사 직원들은 영어를 잘 못한다. 와이파이는 있지만 보이스톡 등은 불가능하며, 랜선으로 연결하면 가능하다."
Sabancı University,"기말고사 이후 한 주 동안 기숙사 정리하고 퇴실하기. 기숙사비는 한 달에 60만원 정도, 학교 시작 전에 미리 지불하고 보증금 받음. 기숙사는 신식이고 청결하며 경호원이 있어 안전함. 이스탄불 시내에서 살면 시간과 비용이 들 수 있음. 각 층마다 공부방과 정수기가 있고 예치금을 돌려받는 것이 중요함. 교환학생은 무조건 2인실, 기숙사 위치는 외진 곳이지만 추천함"
Saint Petersburg State University,"기숙사는 매주 침대 시트와 수건을 갈아주며, 방 변경은 절차가 복잡하고 한 달이 걸릴 수 있다. 기숙사비는 따로 건물이 있으며, 영수증은 보관해야 한다. 체크아웃시 시트와 수건을 모두 반납해야 하며, 출입증은 검사를 받으므로 코팅하는 것이 좋다. 기숙사는 학교에서 멀리 위치하여 통학이 어려우며, 시설은 열악하고 시스템도 갖춰지지 않은 상태이다. 학생들은 호스텔식 기숙사에 묵으며, 자연스럽게 영어를 사용하게 된다. 기숙사는 기대하지 말고 감사해야 한다."
Shandong University,"성균관대학교 학생들은 무료로 제공되는 유학생 기숙사 3호 건물을 사용할 수 있으며, 다른 숙박시설은 시설이 아주 나쁘기 때문에 추천하지 않는다. 기숙사 내부 물건 사용시 조심해야하며, 파손시 큰 돈을 내야 하므로 주의해야 한다. 또한, 뜨거운 물 얻는 시간이 정해져 있으며, 퇴실시 검사를 받아야 하므로 철저하게 관리해야한다."
Shanghai Jiao Tong University,중국에 바퀴벌레가 많아서 저층에 사는 친구들은 문 밑에 틈을 막는다.
Simon Fraser University,"SFU 기숙사는 건물마다 시설이 달라서 선택 전 신중히 살펴봐야하며, 살면서 관리인과 자주 대화해 문제가 있으면 빨리 처리하는 것이 좋다. 기숙사에서 파티를 자주 열기 때문에 조용한 분위기를 원하면 선택에 신중해야 하며, 자취를 고려할 경우 규칙 어기는 경우가 많은 곳도 있으니 조심해야 한다. 또한, 기숙사 외 숙박시설 중 한인 민박이 있는 Coquitlam 지역이 추천된다."
Singapore Management University,싱가포르에서는 집값이 매우 비싸기 때문에 대부분의 교환학생들은 한 집을 여러 명이 셰어하고 있다. 1인실을 구하려면 월세가 매우 비싸서 부담이 크다. 화장실은 층별 공용이며 여러 사람이 사용하기 때문에 환경이 좋지 않을 수 있다. 호스텔 시설은 위생에 민감한 사람들은 추천하지 않는다. 하지만 위치는 좋아서 주요 관광지나 학교에 가기 쉽다.
Soka University of America,
St. Polten University of Applied Sciences,"domus 기숙사를 추천하며, Wihast는 기숙사비 인상과 유료 세탁비 인상이 있었다. 캠퍼스 빌라 학생은 만나보지 못했다."
State University of New York,"미국에서의 대학 기숙사는 비싸며, 사전에 신청하고 돈을 내야한다. 룸메이트와의 화재경보가 자주 일어나기 때문에 조심해야하며 교외 아파트는 가격도 저렴하고 살기 좋다."
State University of New York at Buffalo,"미국 대학의 기숙사 이용은 여름방학에는 거의 불가능하며, 기숙사 이용 시 주의사항은 있지만 규칙을 잘 지키면 된다. 가격에 따라 다양한 종류의 방을 선택할 수 있으며, 룸메이트와 함께 지내는 것도 좋다. 기숙사 외 추천 숙박시설로는 학교 아파트나 sublease 등이 있으며, 지역 특성상 공기가 건조하므로 가습기나 바디로션 등이 필요하다. 음주는 금지되어 있고, 방 종류에 따라 가격이 다르다."
Stendhal University,"기숙사는 상태가 좋지 않을 수 있으므로 조건에 맞는 기숙사를 찾아야 하고, 화장실과 샤워실이 있는 기숙사가 좋다. 지역적 위치와 교통편도 고려해야 하며, 메일로 특정 기숙사를 신청하면 배정될 수도 있다. 보조금을 받을 수 있는 경우도 있는데, 생각보다 많은 비용이 들기 때문에 신청하는 것이 좋다."
Stockholm University,"Lappis 기숙사는 교환학생이 많아 파티가 자주 열리고 소음이 심하며, preference 조사 시 바깥라인으로 배정을 요청하는 것이 좋다. Kungshamura는 조용하지만 교통이 불편하며, Idun은 공동구역이 없어 교류가 제한된다."
Sun Yat-sen University,"중국 대학의 기숙사는 저렴하나 시설이 좋지 않으며, 벌레가 많고 방 컨디션은 방마다 차이가 있어서 준비가 필요하다. 룸메이트가 배정되고 처음에는 어색할 수 있지만 다 적응할 수 있다. 또한 학생카드를 이용해 비용을 지불하며 중국은행계좌를 만들어야 한다. 사진을 미리 확인하고 어딜가도 적응할 수 있는 마인드로 준비해야 한다."
Sun-Yat-Sen University(중산대학),"한자리에 가기 전에 전기장판을 준비하고, 수납공간이 작아서 두꺼운 옷은 가져오지 말라는 조언이 있습니다."
Swinburne University of Technology,"교내 기숙사에 거주하는 것이 좋으며, 비용이 비싸지만 쉐어하우스는 최소 거주기간, 보증금, 렌트비에 추가되는 전기세, 수도세 등을 고려해야 한다. 기숙사는 방이 깨끗하고 외국인 친구들과 함께 생활할 수 있으며, 무조건 사용해야 하고 연장도 가능하다. 또한 두 건물의 장단점이 있고, 아파트 공용공간 청소 검사를 한다. 청소가 귀찮아도 문화 차이로 인해 청소를 안 하는 학생들이 있어 매달 청소를 하게 한다."
TEC DE MONTERREY CAMPUS ESTADO DE MEXICO,"해외 교환학생으로 파라과이에서 처음 3달간 홈스테이를 하고, 그 후 친구들과 함께 자취를 했다. 홈스테이에서는 가족과 함께 멕시코 문화를 경험하고 멕시코 가족 행사 등에 초대 받았다. 친구들과 함께 자취를 하면서는 더 편하게 지내고 현지인들과 대화할 기회가 더 많아졌다. 호스트 가족들과의 관계도 좋았으며, 멕시코시티에서 집을 얻어 살면 더 다양한 문화 생활과 거리를 즐길 수 있다는 생각도 하게 되었다."
Tampere University,"핀란드 대학 기숙사는 다양한 형태와 장소에 위치해 있으며, 개인 공간이 필요하다면 스튜디오 형태를 선택할 수 있다. 그러나 깊은 우정을 쌓기 위해서는 플랫 형태가 나을 수 있다. Lapinkaari 기숙사는 교환학생들이 많이 거주하는 곳이며, Pinja 기숙사는 조용하면서도 학교와 가까운 곳에 위치해 있다. 기숙사 신청 시 주의할 점으로는 기숙사별 특징을 확인하고 조용한 곳을 원한다면 조용한 층으로 배정해 달라고 요청하는 것이 좋다. 라삔까리 기숙사는 파티를 즐기기 좋은 공간이며, 교환학생들이 많이 모여있어 다양한 친구들을 사귈 수 있다. 기숙사 문을 열 수 있는 열쇠는 필수이며, 기숙사 후기를 참고해 건물을 선택하는 것도 좋다."
Tampere University of Applied Sciences,"교환학생은 가능한 빨리 기숙사 신청을 해야 하며, 기숙사는 학생의 우선 순위에 따라 서로 다른 평가를 받을 수 있습니다. Lukonkierikka 기숙사는 자연을 느낄 수 있지만 버스를 환승해야 하고, 옆 방과 소음으로 인한 단점이 있습니다. 그외 Toas city와 라삔까리 루꼰마끼 등 여러 기숙사가 있으며, 가격이나 위치 등 방마다 장단점이 있습니다. 요구사항이 들어지는 것은 보장되지 않습니다."
Tampere University of Technology,"기숙사를 사용할 때에는 다른 지역의 룸메이트들이 함께 살게 되기 때문에, 서로 의견을 조율하기 위한 기본 에티켓을 준수해야 한다. 기숙사 외에도 추천하는 숙박 시설이 있으며, 기숙사에서는 자신이 속한 flat에서 생활하게 된다. 미콘딸로와 파올라는 굉장히 가까우나 가격 차이가 존재하며, 파우라에서는 파티나 사우나가 자주 열린다. 키를 분실하면 벌금이 매우 비싸므로 주의해야 한다."
Technical University of Denmark,"교환학생들이 대부분 U2, Lundto, Linde Alle 기숙사에서 지내며, 기숙사 선택 시 공용 주방/개인 주방 등을 고려해야 한다. 청소에 신경 쓰고, 기숙사 비용과 시설 상태를 비교하고 현지인들과 친해지기 위해 Kampsax 기숙사를 추천한다. Linde Alle는 해외 유학생들로만 이루어져있어 현지 정보가 부족할 수 있으며, Hempel 기숙사가 좋은 선택인데 지원은 선착순이므로 빨리 지원하는 것이 좋다."
Technical University of Denmark (Ballerup Campus),
Technical University of Denmark Ballerup Campus,"기숙사는 대부분 학교와는 떨어져 있으며, 들어갈 기숙사는 제비뽑기식으로 결정된다. 주방은 공용으로 사용되며, 사용 후 꼭 청소해야 한다. 불편한 점이 있다면 집 렌트나 다른 숙박 시설도 추천 가능하다."
Technical University of Denmark Ballerup campus,"기숙사는 Rebæk Søpark, DIK, ishøj에 있으며, 부엌 사용료는 한 달에 5 DKK이다. 덴마크는 거주지 구하기가 어려우므로 기숙사 생활이 좋다. Amager 섬에 있는 아파트나 빌라도 많은 유학생과 항공사 직원들이 거주한다. 공항과 코펜하겐 시내가 가깝고 교통이 좋아 일주일 중 학교 갈 일이 적다면 추천한다. 2인 1실 flat도 있으며, 계약서를 잘 확인해야 한다."
Technical University of Munich,"기숙사 선택권이 없으며, 메일에 따라 계약을 해야하고 가격대와 요구사항에 따라 배정되며, 기간은 6개월이고 변경이 불가능하므로 조기귀국시 Subletting을 추천한다. FNA 기숙사는 편리하다는 평가를 받았다."
"Tecnologico de Monterrey, Campus Monterrey","학교에서 학기 시작 전에 홈스테이 가정을 연결해주는데, 대부분 좋은 가정과 연결됩니다."
Tennessee Technological University,"교환학생이나 해외수학생들은 Global Village에 주로 지내지만, 그 외에는 비용이 많이 들지만 아파트를 추천하고, 기숙사에서 기물 파손 시 학기 종료 후 변상해야 하며, 현금과 귀중품 관리에 주의해야 한다는 내용입니다."
The Australian National University (ANU),"기숙사 비용이 비싸고, 식사가 제공되지 않는 기숙사도 한 달에 100만원 정도이며, 기한 내에 기숙사비를 지불해야 한다. 불만이 많아 간담회가 열린 적이 있으나 바뀔 지는 모른다. Davey lodge와 Kinloch lodge는 다른 곳보다 렌트가 비싸며, B&G 기숙사는 지원이 어렵다. 나머지 unilodge를 지원하는 것이 괜찮다고 생각한다."
The Hague University of Applied Sciences,"기숙사는 선착순이며, 왈돌프47과 Stamkartplein이 추천되며, 방 크기와 발코니 여부 등을 고려해야 하며, DUWO로 이용하는 것을 추천하며, 교환학생들이 많이 거주하는 곳으로 스튜던트 파티도 많이 열리며, 룸메이트와 관계에 따라 좋은 생활이 가능하며, 계약 기간을 잘 고려해야 하며, 1인/2인/3인 방이 있으며, Megastores Den Hagg가 있어 생활하기 편하다."
The University of Sheffield,
The Universiy Of Sheffield,"교환학생들은 대부분 allen court에서 살아서 함께 요리하고 놀기 편했고, 시내와 학교 건물들과도 가까워서 좋았다. 방은 추웠지만 아늑하고 뷰가 좋았고, 멘토와 reception 직원들도 친절하게 대해주었다."
Tianjin University,"기숙사는 방학 때도 사용 가능하며, 경비는 여행할 경우에는 30만원 정도 생각해야 됨. 하지만 방이 좁고 여름에는 덥고 겨울에는 추움. 기숙사 외에도 빌릴 수 있는 외부 아파트가 있지만, 학교와 거리가 있고 비용이 높으므로 비추천함."
Tilburg University,
Tohoku University,"공과비(수도, 전기)는 별도이고 이사 후 30,000 엔의 보증금이 필요하며 2주 내에 지불해야 한다"
Toronto Metropolitan University,"기숙사 위치는 학교와 가깝지만 위생 상태와 시설이 낙후되어 있음. 방 청소는 입주 전에 따로하지 않고 이전 입주인 상태 그대로 제공됨. 룸메이트는 청결이나 깔끔함 등 개인적인 취향에 따라 선택하는 것이 좋음. 기숙사에서 주로 하는 행사는 대화하는 것이 매우 좋음. 음식 준비는 공용 주방이 있으며, 외부 식당 및 앱을 이용하는 것도 좋음."
Toyo University,"기숙사에서는 수도/전기/인터넷 요금을 따로 내지 않아도 되지만 과도한 사용이나 소음은 조심해야하며, 그렇지 않을 경우 강제로 방을 옮겨야 할 수도 있다."
Trinity College Dublin,학교가 주거지 알려주지 않을 수 있으니 미리 문의 필요. 여성분이라면 사설 기숙사가 추천됨. 공용공간 사용시 김치 보관 조심. 입퇴실일 정확히 알아두기. 몇몇 지역은 치안이 좋지 않으니 조심. 방을 계약하기 전에 먼저 문의하고 보증금 결제가 좋음.
Turku University of Applied Sciences,"기숙사 이용에는 주의사항이 있으며, 기숙사 외에도 다양한 숙박시설이 있으며 가격대도 다양하다. 룸메들끼리 모여 생활하면 더 편안한 기숙사 생활이 가능하다. Student Village는 시설이 좋고 편안하며 중심지에 위치하여 추천한다."
ULB Universite Libre de BRUXELLES,
UNIVERSITY OF ALICANTE,학교 이메일 자주 확인하고 집주인 연락처 나오면 미리 연락하기.
UNIVERSITY OF APPLIED SCIENCE OF WKW,"기숙사에서 살 때는 기본적인 수칙을 지키고, 기숙사 사무실에서 요구하는 지시사항을 따라야 하며, 열쇠관리를 잘해야 하고, 금연해야 한다. 기숙사가 추천 숙박시설보다 더 나은 선택이다."
"UNIVERSITY OF APPLIED SCIENCE OF WKW (FACHHOCHSCHULE WIEN, 이하 FH WIEN)","교환학생은 기숙사를 이용할 때 계약서의 입퇴실 조건을 확인하고, 필요에 따라 연장 또는 새로운 숙박 시설을 찾는 것이 현명하다. 기숙사는 전기, 수도, 통신 등 생활비가 적게 드는 경제적인 선택이다."
UNIVERSITY OF TOURS,반드시 CAF를 받아야 한다.
UNIVERSITY OF TUEBINGEN,
Umea University,시설은 좋지만 너무 당황하지 말아야 함. 호수가 있는 숙박시설이 근처에 있음. 이불은 필수임
United Kingdom,레스터 대학교 기숙사는 여러 옵션이 있으므로 결정 전에 잘 살펴보아야 합니다.
Universidad Autonoma de Guadalajara,
Universidad Iberoamericana,"멕시코시티에서 교통체증이 심하기 때문에 학교와 가까운 지역에 살기를 추천하며, 학교 주변 지역은 비싸고 놀 것이 적다. 대부분의 학생들이 셰어하우스에 살며, 홈스테이도 추천된다. 셰어하우스는 여자분이면 여자만 있는 집도 있고, International Office에서 Housing 도와주는 친구도 있다. 집 값은 학교 근처가 비쌈으로 City Center에서 살기를 권장하며, 보증금은 대개 딱 월세 정도이다."
Universidad San Francisco de Quito,학교에 기숙사가 없어서 홈스테이를 구해야 하며 문제 발생 시 가족을 바꿀 수도 있다. 자취 시 보증금 주인들이 보증금을 돌려주지 않으려는 경우가 있으므로 조심해야 한다.
Universit?t T?bingen,첫 월세와 보증금 영수증 제시 필요. 한국에서 영수증 프린트해서 가져오기. 이미 고장이나 더러움 사진 찍어두기. 나중에 퇴사시 비용 청구할 때 증거로 활용
Universita Cattolica del Sacro Cuore,"교환학생에게는 기숙사를 제공하지 않으며, MIL Service를 통해 아파트를 제공하나 학교와 멀고 동네가 별로인 경우가 많고 보증금과 등록세 등 돈이 많이 든다. 따라서 가능하면 일찍 가서 방을 따로 알아보는 것이 좋다. 사설 기숙사나 셰어하우스를 이용하는 것도 좋은 선택이 될 수 있다."
Universita Iuav di Venezia,기숙사는 다양한 국적의 친구들을 만날 수 있고 추천할 만하다. 그러나 공간이 부족해서 불편할 수 있다. 베니스에서는 방 구하기가 어렵기 때문에 기숙사가 유리하다. 플랫을 구하는 것은 힘들지만 가능하지만 거주허가증을 위한 집 계약서가 필요하므로 주의해야 한다.
Universite Paris Dauphine,보증금을 내고 집을 빌릴 때는 청결 여부를 확인하고 사진으로 기록하는 것이 좋다. 체크할 때는 조금이라도 더러운 부분은 모두 체크해야 한다. 그렇지 않으면 보증금을 돌려받지 못할 수 있다.
Universite catholique de Lille,"기숙사 월세는 비싸지만 Caf를 통해 환급받을 수 있으며, 공용주방과 화장실, 샤워실이 불편하지만 친구를 만날 수 있는 환경이다. 릴은 외국인 친구들을 사귈 수 있는 좋은 환경이며, 파리보다 물가가 저렴하면서도 파리 여행이 가능하다. 브뤼셀 찰러로이 공항을 이용하면 더 저렴한 가격으로 유럽 여행이 가능하다. Saint Omer는 비용은 비싸지만 환급을 많이 받을 수 있는 곳이며, 와이파이 공유기는 빨리 받아야 한다."
Universite du Quebec a Montreal,"UQAM 서쪽 기숙사는 교통이 편리하고, Provigo, IGA 등의 마트와 가깝다. 1인실은 비싸지만 개인 공간이 많고 방음이 잘 되며 깨끗하다. 다인실은 방음이 좋지 않고 주방집기가 적어 불편할 수 있다. 기숙사 신청할 때 돈을 빼가지 않도록 주의하자. 에어비앤비를 이용하면 비교적 안전하고 가능한 집도 다양해 편리하다."
Universite libre de Bruxelles,"쉐어를 하면 기숙사와 비슷한 가격에 더 자유롭고 에어비앤비는 가구와 식기가 준비돼 있어 절약할 수 있지만, 집 확인 후 계약해야 함."
University College Dublin,"기숙사 정보에 대해 설명하며, Belgrove와 Mervile에 대한 비교를 하고, Ucard 및 deposit에 대한 안내를 하며, 서양 음식이 잘 맞으면 캠퍼스 내 기숙사가 좋을 뿐 아니라, Catered 기숙사는 아침과 저녁이 제공되고 주변에 큰 마트가 있어 필요한 물건을 사기에 편리하다는 것을 언급했다."
University College London,"기숙사에서 학교에 가는 가장 좋은 방법은 29번 버스이며, 기숙사 신청시 조건을 확인하고 신중하게 해야하며 기숙사마다 시설 등이 다르며 대부분 혼성이다."
University Tuebingen,화장실 딸린 개인 방 사용
University at Buffalo,"UB의 기숙사 시설은 가격이 비싸지만, 아파트나 off-campus, Greiner를 고려할 만하며, Meal Plan도 가격이 높아 부족하면 dining dollar를 이용하는 게 좋다. 방은 성별 구분이 없어서 주의가 필요하며, 룸메와 친해지기 좋은 공간도 존재한다. 기숙사 위치를 잘 선택하는 것이 중요하며, Flint Village의 2인 2실 추천. 첫날은 기숙사 주변 할인마트에서 필요한 물품을 살 수 있고, Community Village에 들러서 키를 받아야 들어갈 수 있다."
University of Alicante,"요즘 대체적으로 알리칸테 숙소들은 200유로 가량에서 청소비, 전기세, 수도세 등 추가 비용이 있음. 어학당을 통해 구했을 경우 보증금 300유로가 들어가며, 집을 비울 때 보증금을 돌려받을 수 있음. 숙소 위치와 가격대가 다양하기 때문에 직접 구하는 것도 가능함. 기숙사에서는 식사가 제공되며, 옆방과 공유하는 공간에 싱크대와 냉장고가 있음. San Vicente del Raspeig 지역은 시내는 아닌 곳이지만 필요한 시설들은 다 있음."
University of Applied Science,"창문에 방충망이 없어 벌레가 많이 들어와서 따로 설치하는 것을 추천하며, 방 크기는 작고 세면대는 내부에 있고 부엌과 샤워실은 층별 공용으로 사용한다."
University of Applied Science Upper Austria (Wels campus),기숙사 분위기는 좋고 깨끗하며 콜핑 기숙사가 더 좋다. 평일에는 밥이 두 끼 제공되지만 주말은 제공되지 않는다. 기숙사 인터넷은 불안하고 일부 사이트는 막혀 있으며 토렌트 사용을 권장하지 않는다.
University of Applied Sciences Kufstein,"기숙사 사용 시, 거주 등록 서류를 제출해야 하며, 파손을 조심해야 함. 기숙사가 마감되면 사설 기숙사나 가정집에서 생활할 수 있으나, 파티 등 교류가 불편할 수 있음. 청소 및 디파짓 관리 등 주의사항이 있으며, 기숙사 외 숙박시설 정보는 학교나 기숙사 담당자에게 문의할 것을 권장함."
University of Applied Sciences Northwestern Switzerland,"1인실 기숙사는 편리하고 필요한 가구 및 침구가 제공됩니다. Olten은 교통이 편리하며 Rhein Center로 장보러 가면 돈을 아낄 수 있습니다. 발코니 있는 남녀 섞인 기숙사를 추천하며 청소에 신경 쓰기를 권장합니다. 병원 기숙사는 동전으로 세탁기와 건조기를 사용할 수 있으며, 학교에서 잘 설명해줍니다."
University of Applied Sciences Upper Austria,"다른 문화권 사람들과 함께 생활하기 때문에 일일이 청소, 분리수거 등을 분담해야 함. 파티를 열 경우 이웃의 항의가 있을 수 있으므로 조심해야 함. 기숙사 외 추천 숙박시설은 gasswerkasse나 student residence, Kollergasse 등이 있음. 일부 기숙사는 인터넷비를 따로 내야하고, 계약 기간보다 일찍 떠나더라도 전액을 납부해야 하는 경우도 있음. 융화에 서투른 국민들과 사이좋게 지내야 함. Gaswerkgasse는 학교와 가깝고, 인터넷과 세탁이 무료이며, 한 집에 3~4명이 거주함. Kollergasse도 각자 방이 있고 외국인 친구와 교류할 수 있어 추천됨."
University of Applied Sciences Upper Austria (Hagenberg Campus),"기숙사에서 열쇠를 분실할 경우 50유로를 내야 하며, 세탁기와 건조기를 이용하는 경우 1유로가 필요하며, 공용 주방에서 개인 물품을 두면 청소하시는 분들이 버릴 수 있다. 또한, 매주 청소아주머니들이 방을 청소하며, 사생활을 보장받지 못할 수 있다. 마트는 가까운 곳은 별로 없으며, 냉장고는 작지만 혹시 가지고 있는 천사가 있다면 부탁하면 쓸 수 있다."
University of Applied Sciences Upper Austria (Steyr),"방학 중에도 기숙사에 머무는 경우는 추가비용이 발생하며, 기숙사에서 함께 생활하게 된 사람들과 좋은 관계를 유지하면 좋다. 기숙사 외에도 다양한 숙박시설이 있으며, 여러 문제가 발생하기도 하지만 서로 배려하면서 함께 생활하는 것이 중요하다. 독일어를 못한다면 집을 구하기 어려울 수 있다."
University of Applied Sciences Upper Austria (Wels Campus),"독일 유학시 기숙사나 쉐어하우스를 이용하는 것을 추천하며, Kolpinghaus 기숙사를 추천하며 식사는 선택적으로 가능하다고 한다. 다만 거주등록 및 집계약 등은 직접 알아봐야 한다는 언급이 있다."
University of Applied Sciences Utrecht,"HU 학생이 쓸 수 있는 기숙사는 교외에 2개, 교내에 3개가 있다. 주로 피타고라슬란, 캠브릿지란, 요한나에 거주하는 학생이 많으며, 교내 기숙사의 경우 가구들이 새로운 편이며, 깨끗하다. SSH에서 운영하는 기숙사를 놓치면 숙소 구하기가 까다로워지므로 기간 내에 신청하는 것이 좋다. 최근 유학생, 교환학생들의 수가 늘어나 숙소가 구하기 어려워졌다는 이야기가 있으며, 혼성 플랫에서 살아야 할 경우 큰 불편함은 없다고 한다."
University of Applied Sciences Wiener Neustadt,
University of Applied Sciences of WKW,"Comeniusgasse와 Base19은 학교에서 가까우며 조용한 기숙사이다. Comeniusgasse에서는 한 플랫을 5명이 공유했으며, 한달에 370유로를 내고 2명씩 같이 사는 경우는 295유로 정도였다. MOLKEREISTRASSE도 괜찮은 시설이며 교환학생들끼리 파티를 자주 한다. 보증금은 처음 100만원 정도를 내고 한 달에 15유로씩 청소비를 내야하며 방 뺄 때 검사를 받는다. 준비를 미리 해 놓아야 한다."
"University of Applied Sciences, Worms","기숙사 방값은 한달에 300유로, 보증금은 대부분 돌려줌. 룸메와 화장실, 부엌 사용 규칙 정해놓고 트러블 없이 지냄. 기숙사 외에도 추천 숙박시설 있음."
University of Arkansas,"기숙사는 방학에도 사용 가능하며, SAF로 경비를 내야 하며 가격은 방 타입과 종류에 따라 다르다. 룸메이트와의 매너는 중요하며, 기숙사 외에도 아파트가 있지만 자세히 알지 못한다. Offcampus에서 살았던 경우는 Crowne Apartment에서 살고, 룸/쉐어메이트와의 배려가 필요하다."
University of Auckland,"오클랜드 자취는 가격이 높아서 기숙사 생활이 권장되며, 학교 홈페이지에서 원하는 기숙사에 신청하면 된다. 기숙사 시설이 좋지 않고 식사가 제공되지 않기 때문에 요리를 추천하고, 자취를 하게 되면 Trade Me 어플을 사용하면 된다."
University of Barcelona,"바르셀로나에서 숙소를 구할 때는 방 상태를 체크하고 잘 선택해야 하며, 쉐어하우스나 사설 기숙사 등 다양한 옵션이 있음. 계약전에 꼼꼼히 조건을 확인하고, 집 알아볼 때 화장실 개수나 전기세 등을 꼭 확인해야 함. 인간관계도 중요하며, 계약하기 전에 임시 숙소를 찾아 급하지 않게 구하는 것이 추천됨. 보증금이 있는 경우 계약서 꼼꼼히 작성해야 함."
University of Basque Country,렌트는 중심가보다 살짝 벗어난 지역에서 더 저렴하다. 보증금 사기에 주의하고 직접 방을 확인한 후 계약하자. Sarriko 캠퍼스와 가까운 지역은 치안도 좋고 시내와도 가깝다. 이 지역을 추천한다.
University of Basque Country (Biscay Campus),영어를 할 수 없는 집주인이 많기 때문에 스페인어를 할 수 있는 친구와 함께 집을 구하는 것이 좋다는 추천이 있다.
University of Basque Country (Gipuzkoa Campus),
University of Basque Country (UPV/EHU),"스페인 빌바오에서 적절한 숙소를 찾기 위해 가능한 빨리 구하고, 실제 방을 보기 전에 미리 사전 조사를 하고 계약서를 작성하는 것이 좋다. 또한, 함께 살 Flatmate와 지역 위치, 환경에 대한 고려가 필요하며, 사기를 조심해야 한다. 이상적으로는 캠퍼스의 헬프센터나 Erasmus Student Network, 그리고 페이스북 페이지를 활용하여 숙소 정보를 얻을 수 있다."
University of Bern,"교환학생은 대부분 븀플리즈 노드에서 생활하며, 기숙사 계약 형태는 A,B와 open, closed contract로 나뉩니다. 계약서를 작성할 때는 이를 꼭 숙지하고, 퇴사 전 청소와 모든 절차가 완료된 후에 보증금을 돌려받을 수 있습니다. 단, 오피스 직원들이 원칙을 엄격하게 따르기 때문에 학생들은 본인이 사전에 체크하는 것이 중요합니다."
University of Bristol,Manor House가 홈페이지에 소개된 Manor Hall과는 다른 건물이지만 선발되었다.
University of British Columbia,"기숙사 신청은 미루지 말고, 위치와 구조를 잘 알아보고 신청하는 것이 좋다. 외부 숙소를 구하는 경우 사기일 가능성이 있으므로 조심해야 하며, 신청을 요구할 때 미루지 않는 것이 좋다. 캐나다는 집 값이 비쌈에도 불구하고 학교와 가까운 기숙사의 장점이 있다. 기숙사 내 음식물 쓰레기통을 제외하면 분리 수거 통이 제대로 갖춰져 있지 않으므로 룸메이트들과 규칙을 정하는 것이 좋다. 외국인에게 사기를 치는 경우가 종종 있으니 scam 방지 메일을 자세히 읽는 것이 좋다."
"University of California, Berkeley","기숙사는 방이 좁고 시설은 별로이지만, 방학 때 사용 가능하며 렌탈 가능한 숙소도 있습니다. 식사는 제공되지 않지만 휴식을 취할 수 있는 공간도 있습니다. 또한 방음이 안되므로 조용히 지내는 것이 좋습니다. 이외에도 학교 근처에 아파트와 렌탈 가능한 숙소가 있습니다."
"University of California, Los Angeles",라이프스타일이 비슷한 룸메이트를 구하기 위해 수면 스타일과 생활 패턴을 체크하여 사전 질문에 응답할 것이다.
"University of California, San Diego","학교 MTS 버스를 타려면 돈을 내야하고, 셔틀을 이용하면 무료이며, 근처에 쇼핑몰과 Trolley station이 있어 편리하다. 집은 방 2개에 4명이 살며, 주방과 거실 공유하고 각 방마다 화장실이 있다. 세탁기, 건조기, 헬스장, 수영장, 바비큐장 모두 무료로 사용 가능하다. 동네는 조용하고 안전하다."
"University of California, Santa Cruz","UC Santa Cruz 학생 및 어학원 학생들이 기숙사를 이용할 수 있으며, 주의사항으로는 동방계 학생들과 함께 하는 것이며, 기숙사 외에도 house share나 아파트 렌트를 할 수 있다. 도미토리는 불편할 수 있으므로 아파트를 추천하며, 우버를 이용할 경우 housing office를 목적지로 설정해야 한다. 경비는 방학 중과 동일하게 산정되며, 가깝고 친구와 함께 쉐어할 경우 더 저렴하다."
University of Central Lancashire,"1층에 살 때는 창문을 닫아야 함 (도둑 위험). 기숙사는 대부분 화장실과 부엌 공용, 방음이 조금 되지 않음. 계약 기간이 마음에 안 들 때는 문의하고 조정 가능한지 확인. 학교 기숙사 이외에도 교외 기숙사도 고려해보기. Whitendale 기숙사가 제일 낫다는 의견도 있음. 플랫 내 고장이나 문제가 있을 때는 Security팀이 친절하게 대응해줌. 호실 타입 (공용 화장실 vs. 전용 화장실)에 따라 가격 차이가 있음. 기숙사에서 추워서 전기장판이나 온풍기 등 필요할 수 있음. 기숙사 내 친구와 교류하고 싶으면 Whitendale을 추천, 독립적인 생활을 원하면 다른 기숙사를 고려. Robern, Whitendale, iQ Kopa 중심부와 가까움. 화장실이나 샤워실은 공용, 세면대는 방 안에 있음"
University of Colorado Boulder,시설과 커뮤니티가 모두 좋아서 친구 사귀기에 좋은 기숙사였다.
University of Copenhagen,"기숙사는 위치나 시설 등 다양한 조건에 따라 선택할 수 있지만 가격이 비싸고 보증금과 임대료를 빠르게 지불해야 한다는 단점이 있으며, 주방과 화장실 등 공용시설 사용 시 청소와 소음 주의가 필요하다. 기숙사 선택 시 자신의 성향과 경험을 고려하여 적절한 것을 선택하는 것이 좋다."
University of Cyprus,"기숙사는 해외 교환학생들에게 지원되며, 2인 1실로 구성되어 각각 방이 주어지고 공동 부엌과 거실이 제공된다. 월 250유로에 사용 가능하며 학교에서 무작위로 배정된다. 하지만 기숙사 이외에도 다른 숙박시설을 렌트하여 지낼 수 있으며, 이를 함께 쓰는 것이 저렴하고 편리하다. 기숙사는 운이 좋아야 좋은 건물을 배정받을 수 있다. 학교와 가까운 flat은 넓고 쾌적하지만, 다른 건물들은 조금 더 멀리 있을 수 있다. 그러나 학교에서 제공하는 flat 중에서는 좁고 낡은 아파트도 있는데, 개미나 바퀴벌레 등 미생물 문제도 일어날 수 있다."
University of Deusto,"집주인과 계약할 때 조건을 잘 확인하는 것이 중요하다. 각 방에 잠금 장치가 있는 플랫이 좋다. 학교를 통해 계약하는 것이 좋고, 부당한 일이 있을 경우 학교에 연락해야 한다. 숙소 사진을 꼼꼼히 살펴보고 치안이 좋지 않은 지역은 피해야 한다. 혼성 플랫이 불편하면 여성/남성 전용 숙소를 찾아보는 것이 좋다. 보증금은 가능하면 직접 받는 것이 좋다."
University of Eastern Finland,"교환학생이 살기 좋은 기숙사는 100-200유로 정도로 가격이 다양하며, 학생용 아파트 형태이다. 퇴실 전에 신고를 해야 보증금을 돌려받을 수 있으며, 기숙사 외에도 Nuotaniementtie, Latulankatu, Karjamenttie, Riverside 등 다양한 숙박시설이 있다. 기숙사는 기준에 따라 선택하면 되며, 가격에 비해 개인 생활에 큰 불편은 없다. 학교와 거리는 멀어 보일 수 있으나, 자전거 타고 가면 나름 재미있다. 파티가 열리기 좋은 지역도 있는데, 파티를 하면 시끄러울 수 있다."
"University of Eastern Finland, Kuopio campus","교환학생들은 대체로 쿠오파스에서 운영하는 기숙사에 살며, 각자 방을 쓰면서 부엌과 화장실은 공유합니다. 퇴실 시 깨끗하게 청소해야 보증금에서 청소비용을 뺀 금액만을 돌려받으며, 열쇠도 조심해야 합니다. 추천 숙박시설은 쿠오파스를 추천합니다. 개인 방에는 책상, 침대, 이불, 베게, 인터넷이 제공됩니다."
University of Edinburgh,"주로 1학년과 방문학생들에게 사용되는 Pollock Halls 기숙사는 시설이 좋으나 생활하는데 일부 시끄러운 면이 있고, 방은 싱글이지만 경우에 따라 다른 인원과 공동 주방과 화장실을 사용해야 하는 경우도 있다. 기숙사는 배정받을 때 위치에 주의해야 하며, 교환학생이 많고 교통이 편리하며 마트가 근처인 기숙사가 좋다. 시설이 낡았거나 쥐가 나오는 기숙사는 지양하는 것이 좋으며, 세탁기 수와 히터 작동 상태 등을 확인하는 것이 필요하다. 히터 부스터를 계속 눌러줘야하는 점이 불편하지만, 전반적으로 좋은 기숙사이며, 기숙사 앞에 푸른 공원이 있어서 좋았다는 평가도 있다."
University of Erfurt,"기숙사는 세탁기와 건조기 사용 시 추가 비용이 발생합니다. Plauener Weg 기숙사는 가격이 저렴하고 좋은 선택이며, 교환학생들이 많이 이용합니다. 기숙사 생활 시 공동 사용 시설은 청결 유지와 소음 방지에 신경써야 합니다. 기숙사 외에 살 수도 있지만 교환학생들이 대부분 기숙사에서 생활하는 추세입니다. 방학 중에도 기숙사 사용 가능하지만 계약기간을 줄일 경우 방세가 높아질 수 있습니다. 열쇠 분실 등 관리에 주의해야 보증금을 돌려받을 수 있습니다. 같은 문화권이나 성별끼리 함께 쓰는 것이 편리합니다."
University of Erlangen-Nuremberg,"Hausmeister와 약속잡는 것은 시간에 유의하고, 방 청소는 세심하게 체크해야 함. Hausmeister의 통과를 받지 못하면 보증금에서 청소비를 제하고 돌려줌."
University of Gavle,"기숙사에서는 퇴실 전 청소를 완료해야 전체 보증금을 반환받을 수 있으며, 대학 캠퍼스 내에는 기숙사가 없고 Housing company와 Student union이 학생들에게 방을 제공한다는 것이 추천 숙박시설의 세부 내역이다."
University of Granada,무료 사이트를 찾는 것이 중요한 이유는 유료 사이트는 보증금을 요구하기 때문이다.
University of Groningen,"유럽 기숙사는 대부분 1인실이며 남녀 분리하지 않음. 기숙사는 미리 신청해야 좋은 곳을 얻을 수 있음. 코르노 기숙사가 인기 있고, 다른 기숙사도 있으니 자신에게 맞는 것을 선택. 기숙사 선택 시 주변 환경과 룸메이트도 중요. 기숙사에서 베드버그와 공용시설 문제가 있다는 경험도 있음."
University of Hawaii at Manoa,"하와이의 기숙사는 바퀴벌레가 많아 청결상태가 좋지 않으며, 추천 숙박시설을 찾기 어렵지 않다는 정보와 함께 주의사항에 대한 내용이 있다. 추가 비용이 필요한 기숙사도 있으며, 다음 학기부터는 교환학생 기숙사 배정이 줄어들 예정이라는 이야기도 전해졌다. 추천 숙박시설은 제공되지 않았다."
University of Helsinki,"기숙사를 신청할 때에는 예산과 거주환경을 꼼꼼히 요구하고, 거절할 경우 개인적으로 방을 구해야 하며 보증금이 차감될 수 있다. 헬싱키대학교는 자체 홈페이지에서 기숙사 신청을 진행하며, 처음 제공된 방을 거절하면 새로운 방을 주는 것이 아닌 본인이 직접 방을 구해야 한다. 따라서 거절하지 않는 것을 추천한다. 2학기 교환학생의 경우에는 한 달 동안 Hoas 방을 무료로 이용할 수 있다."
University of Iceland,"기숙사는 방학동안 학생들이 사용할 수 없고, 방음이 좋지 않은 것이 주의사항이며, 숙박시설은 기숙사가 가장 좋은 것 같다는 의견과 함께 거주한 아파트는 일반적인 쉐어 형태였고, 서로 배려하며 지내면 큰 문제는 없었으나 방음이 잘 되지 않아 위아래에서 일어나는 소리가 잘 들려서 불편한 점이 있었다는 것이다."
University of Illinois Springfield,"UIS 기숙사에는 세 가지 종류가 있으며, 주변 편의시설이 가깝지만 방음은 잘 안 된다. 방 선호도 설문조사에서는 내향적인 척 하여 파티 광인 룸메이트를 피하는 것이 좋다. OA와 가스레인지는 있지만 전자레인지는 별도 구매나 주변 대여가 필요하다."
University of Illinois Urbana-Champaign,"주로 기숙사에 살면서, 친구들과 아파트를 렌트해 살기도 하였으며, 기숙사 사용 시 파손과 분실에 주의하는 것이 중요하다. 또한, 아파트를 구하면 직접 요리해먹기 때문에 비용이 저렴할 수 있다. 교환학생들 중에는 1-2학년 동안 기숙사에 살다가 이후에는 아파트를 구해서 산다. 한국인 학생들이 활동하기 좋은 장소는 기숙사이며, 룸메이트나 친구들과 함께 놀이하기 좋았다."
University of Iowa,"기숙사 이용 시 서로 배려하고 불만은 솔직하게 표현해야 함. 미국인이 기숙사 이용 중. 기숙사가 없어 아파트 이용한 경우 비용 절감 가능, 학교 주변 아파트 접근성 용이"
University of KwaZulu-Natal,"교내 기숙사는 1인 1실로 침대, 책상, 세면대가 있으며, 키친과 샤워실, 화장실은 공용이다. 하루에 한번씩 청소 아주머니가 오지만 방음이 안되어 시끄러우며, 키친이 공용이라 냉장고에 음식물을 두면 도난이 발생할 수 있다. 추천 숙박시설은 월 40정도면 괜찮은 아파트를 구할 수 있다."
University of Lapland,"기숙사를 사용할 때는 열쇠를 잊지 않도록 주의해야 하며, 플랫메이트와 규칙을 정해놓으면 편하게 생활할 수 있다. 기숙사는 늦게 신청할 경우 다른 곳으로 배정될 수 있으니 빨리 신청하는 것이 좋으며, 기본적으로 준수사항만 지키면 된다. 추천 숙박시설로는 기숙사가 가장 좋으며, 빨리 신청하는 것이 좋다고 한다."
University of Leeds,"기숙사는 랜덤 배정이지만, Central Village는 시설이 좋아 교환학생들이 많이 살고 있었으며, 플랫메이트와 기숙사 조건이 교환학생 생활에 큰 영향을 끼친다. 화장실은 옆방과 공유하는 경우가 많았으며, 주방은 공용으로 사용하며 청결하지 않을 경우 친구들끼리 처리해야 할 상황이 발생할 수 있다. 기숙사 위치는 학교나 도시 중심가와 거리가 먼 곳도 있어서 주의가 필요하며, 에어컨 설치 여부를 미리 확인하는 것이 좋다."
University of Leicester,"서사에서는 학교에서 정한 기간 내에만 기숙사를 이용할 수 있으며, 특히 교환학생들은 학기가 끝나는 시점이 다르기 때문에 관련 문의를 해야 할 수도 있다. Mary Gee와 Beaumont Hall은 각각 장단점이 있지만 특정 유형의 학생들이 사용하는 경향이 있다. Self-catered 기숙사들은 방을 빼지 않아도 되므로 더 긴 기간 이용할 수 있다. Catered 기숙사는 운동 시설과 대형 마트가 가까이 있지만 방학 때 사용할 수 없고 음식 제한도 있다. 영어 연습을 위해 미국인 룸메이트를 갖는 것도 좋은 경험이 될 수 있다. 방학 때는 모두 퇴실해야 하지만, 다른 self-catered 기숙사에서 머무를 수 있다. 지역주민들의 소음 항의에 주의해야 한다. 학교 기숙사가 비용이나 시설면에서 제일 좋다."
University of Lille,"기숙사가 좋고 안전하며 저렴하며 학생들이 공부하고 쉴 수 있는 공간이 있어 편리하나 캠퍼스와 거리가 멀다. 월세는 409유로, CAF 혜택 가능하며 교환학생 지원 시 파견교측에서 연결 도움을 받을 수 있다. 관계 서류 공증번역 필요."
University of Malaga,"서로 다른 교환학생들이 몰리는 시기에 집을 구하기 어렵고 비싸니, 보증금과 시설 등을 꼼꼼히 확인하고 집주인과 계약하는 것이 좋다. 중개인을 통한 계약은 돈을 중간에서 챙기고 보증금을 못 돌려받는 경우가 있으니 주의해야 한다. 보통 룸메이트와 함께 살면서 방을 나눠 쓰는 경우가 많고, 이사 일정이 생기더라도 계약서를 남겨놓는 것이 좋다. 보증금 사기에 조심하고 계약서를 꼭 쓰는 것이 좋다. 현지 친구의 도움을 받으면 더 좋다."
University of Manchester,기숙사 옵션은 2가지가 있으며 퀄리티 차이가 크기 때문에 비싼곳을 선택해야 한다. 싼곳은 더워서 살 수 없고 조리도구도 없다. 여름에는 에어컨이 없는 방이다. 덴마크로드의 경우는 공용공간 시설이 좋고 청결하며 에어컨이 없는 방이다.
University of Manitoba,"AVM, MSH, Pembina Hall은 각각 다른 기숙사이며, AVM은 방 하나에 2개의 룸이 있어 룸메이트와 함께 생활하지만 사생활은 보호됩니다. MSH은 방음과 온도 조절이 어렵고 공용냉장고를 사용하며 주방이 없어서 친구의 방에서 요리를 합니다. Pembina Hall은 환풍기 소리와 창문이 없어서 불편합니다. AVM은 가격이 높지만 룸메이트와는 함께 생활하지 않고, 식권이 필수가 아니며 국제 학생은 로비에서 신용카드로 결제할 수 있습니다. 공통적으로 AVM의 안내 직원은 정확한 정보를 제공하지 않으므로 코디네이터에게 문의하는것이 좋습니다."
University of Massachusetts Boston,"아파트를 찾을 때, 중간에 브로커를 이용하면 추가 비용이 들 수 있으므로 가능하면 아파트 회사와 직접 연락하는 것이 좋다. 해당 아파트는 서비스 요청이 가능하며 학교와 가까우며 가성비도 좋다. 가구 렌트를 추천한다."
University of Melbourne,"얼리버드로 예약하면 저렴하고, 다인실 사용이 비싸니 잘 알아보고 기간별 추가 비용도 확인하자. 멜버른 집값이 매우 비싸워서 주거비가 부담된다."
University of Minnesota,"기숙사는 Centennial Hall이며 방은 2인 1실부터 2인 4실까지 있고 화장실과 세면대 등 필요한 물품은 구비되어 있지만 이불, 베개 등은 개인적으로 준비해야 한다. 밀플랜을 이용하여 식사하는 것이 일반적이다. 미들브룩 기숙사는 Tower와 East wing으로 나뉘며 방학동안은 사용할 수 없으며 체크아웃 시 물건을 놓치지 않도록 주의해야 한다. University village는 아파트형 기숙사로 넓은 방과 잘 갖춰진 시설이 매력적이다. 선택은 자신의 우선순위에 따라 결정하면 된다."
University of New South Wales,기숙사는 위치가 좋지만 인종 차별이 있는 분위기가 만연하며 예치금 주의사항이 있다. Terraces는 비싸지만 시설이 좋다. 홈스테이는 복불복이지만 기본적으로 한 가정에 들어가서 사는 것이다.
University of Newcastle,기숙사 중 Life style 건물은 조용하고 파티가 덜하다. 친구 사귀기에는 어려울 수 있지만 집안에서 파티를 원하지 않는다면 추천된다. (기숙사 및 숙소 계약 시 주의할 점)
University of North Carolina at Chapel Hill,"미국 대부분의 학생들이 가을학기에 1년치 기숙사를 예약하기 때문에 교환학생으로 1학기에 기숙사에 들어가기는 어렵지만, 기숙사마다 가격과 위치가 다르므로 주요한 기준에 따라 선택하면 된다. 기숙사 예약할 때는 원하는 조건을 신중하게 설정해야 하며, 룸메이트 매칭 조건도 고려해야 한다. Ram Village의 경우 조금 비싸지만 스트레스 없이 살 수 있었으며, 개인의 기준에 따라 결정하면 된다. 공용화장실과 4인이 공유하는 화장실 등 다양한 옵션도 있다."
University of North Carolina at Greensboro,"교환학생들은 대부분 Philip-Hawkins Hall에서 생활하며 한 방에 두 명씩 배정되고, 룸메이트와 관계 조절이 중요하다. 기숙사 외에 추천 숙박시설은 University Square이지만 기숙사 안에서 파티도 많이 열린다. Meal plan은 off-campus보다 on-campus에서 사는 것이 편리하다. Tower Village도 교환학생들이 많이 거주하는 기숙사이다."
University of North Florida,"교환학생은 Fountains 기숙사를 선택할 것을 추천하며, 필수품은 미리 구매해야 하고 룸메이트 선택에 신경을 써야 한다. 또한, 기숙사 부족으로 LLC 가입을 추천하며, 기숙사 신청 시 바로 신청하는 것이 좋다. Osprey Fountains와 Osprey Village 중 Fountains를 선택하고, 자신이 선택한 방과 다른 방으로 배정될 수 있다는 것도 알아두어야 한다."
University of Nottingham,"기숙사는 대부분 시설이나 관리, 운영 등이 잘 돌아가는 편이며, self-catering 타입은 사용 가능하고, 살 때는 다른 거주자들과 유대감 형성과 사생활 존중에 신경 써야 한다. 방학 때는 유럽 여행을 하거나 하루당 비용을 내야 하며, catered 타입은 경쟁률이 높으며 비싸지만 아침 저녁을 제공해주어 영어 실력 향상에 좋다. 주변의 private flat에서 살 경우 더 저렴하며, 기본적인 매너를 지키면서 사용하면 된다."
University of Nottingham Ningbo China,"학교 기숙사는 계약 문제가 없으며, 외국인 학생들과 함께 생활할 때 문화 차이로 인한 갈등에 주의해야 한다. 공유 공간과 개인방이 있는 아파트 형식으로 되어 있다."
University of Oklahoma,"기숙사는 Traditions Square와 Kraettli로 나뉘며, 각 방식에 대한 설명과 어느 것을 선택해야 하는지에 대한 추천이 포함되어 있습니다. 또한, 교환학생들이 경제학과 수강신청 전에 봐야하는 수학 시험인 ALEKS에 대한 설명과 기숙사 및 추천 숙박 시설에 대한 주의사항이 포함되어 있습니다."
University of Oslo,"주세요.  노르웨이 대학교 기숙사는 시 지자체에서 운영되며, 기숙사 비용은 52만원부터 시작하여 시설이 나을수록 비용이 높아진다. 기숙사 외 숙박시설은 기숙사에 비해 비용이 매우 비싸기 때문에 대부분의 교환학생들은 기숙사를 이용한다. 계약은 학기단위로 이루어지며, 계약해제 시 최소 2달 전에 통보해야 한다. 주의사항으로는 공동 사용 공간에 대한 예의와 청소 등이 있다."
University of Pecs,기숙사나 다른 숙소를 계약할 때 주의할 점이 없습니다.
University of Pittsburgh,"기숙사에서는 학생증이 있어야만 출입할 수 있으며, 헬스장과 당구장 등을 이용할 수 있는 시설이 있다. 학생증을 잃어버리면 경비원에게 코드를 받아야 하며, 소음을 제한하는 quiet hour가 있다. 각 층에는 RA(Resident Assistant)가 배치되어 있어 기숙사 행사를 주최하고 방 체크를 하며, 종강 1주일 전부터 히터를 사용할 수 없다는 것을 알아둬야 한다. 에어비앤비 장기렌트도 가능하다."
University of Quebec at Montreal,"공유하는 공간은 거실, 부엌, 화장실이지만 넓고 깔끔하며, 프론트와 세탁실, 쓰레기장은 1층에 위치해 있습니다. 문과 캠퍼스까지 도보로 약 10-15분 거리이며, 지하철로 출퇴근하는 친구들도 있습니다."
University of Reading,"기숙사는 캠퍼스 내, 캠퍼스 근처, 타운에 다양하게 위치하고 있으며 가격과 시설도 다름. 기숙사를 선택할 때 요구사항을 적극적으로 적어야 함 (갈 곳, 개인 화장실유무 등). 플랫메이트와의 분위기는 천차만별이므로 자신에게 가장 중요한 것을 우선순위로 잘 정해야 함. 대부분의 기숙사는 6~8개의 방과 공용 주방으로 구성되어 있음. 세부사항은 레딩대 홈페이지에서 확인하는 것이 좋음. 외화 결제 잘 되는 카드를 들고가야 함. 기숙사 선택시 예산에서 숙소비를 얼마나 할애할 것인지 잘 따져보고 선택해야 함. 교환학생이라면 기숙사 생활을 추천 (간편하고 친구를 많이 사귈 수 있음)"
University of Roehampton,"대부분의 학생들이 기숙사에서 생활하고, Lee나 Shaw가 가장 좋은 기숙사이며 방이 크고 쾌적하다. 기숙사는 장단점이 있고 분위기도 다양하며, 다른 학생들과 동거할 때 문제가 생길 경우 학교 측에 항의하여 바꾸는 것을 추천한다. Southland 기숙사는 시끄러워서 추천하지 않으며, Whiteland는 시설은 좋지만 위치가 본 캠퍼스에서 멀어서 걸어서 왔다 갔다 해야하므로 기피하는 것이 좋다."
University of Rostock,"교환학생들이 많이 사는 기숙사는 한국인 기숙사이고, 기숙사는 빨리 신청해야 하며 사진 찍어두는 것이 좋다. 또한 학교는 울타리 안에 있는 것이 아니므로 기숙사 담당자와 연락을 잘 조율해야 한다."
University of Sao Paulo,"가족과 함께 학교 근처 아파트에서 살면 기숙사보다 더 편리하며, 교내에 살아도 버스를 타야 하므로 다른 숙소를 찾는 것이 좋다."
University of Saskatchewan,"VP는 캠퍼스 내에 위치하여 편리하지만 무제한 식권 구매가 필수이다. VP의 4개 홀 중 Athabasca 홀에는 엘리베이터가 있고, Saskatchewan 홀은 가장 오래된 홀이다. 홀마다 방 크기가 다르다. 학교 내 건물들이 지하 터널로 연결되어 있어 겨울에도 외출이 가능하다. VP에는 에어컨이 없어 더운 날씨에는 선풍기가 필요하며, 겨울에는 전기장판을 가져가는 것을 추천한다. VP에서는 무제한 식권을 이용할 수 있으며, 싱글룸을 추천한다."
University of Sheffield,"셰필드 대학에서는 Allen Court와 Endcliff 같은 기숙사와 함께 사설 기숙사도 많은데, 학교와 거리가 가까운 Allen Court를 추천한다. 그러나 리셉션이 일찍 닫혀 불편할 수도 있으며, 혼자 살 경우 외롭기도 하다. 그런데 같은 기숙사에 사는 것이 좋으며, 보증금이 있고 비용이 비싸다는 단점이 있다. Endcliff와 Ranmoor는 거리가 멀지만 파티를 많이 한다는 장점이 있다. 사설 기숙사(예: Student Roost-Sheffield3, IQ, Bramall Court)에도 살 수 있다. 기숙사 내부 시설을 훼손하지 않고 사용해야 보증금을 돌려받을 수 있으며, Opal2와 Mappin Court를 추천한다."
University of South Carolina,"기숙사 Bates west는 위치를 제외하고 좋은 곳이며 거실과 주방이 각 플랫마다 있으며 고층에 위치해 매일 밤 아름다운 석양을 볼 수 있다. 다만 학교 주요 건물과는 멀리 떨어져 셔틀 이용이 필요하며, 기숙사 비용 외에도 자잘한 청구금액이 많이 있으므로 제때 납부해야 한다."
University of Southern Denmark,"다음은 대학교환학생이 덴마크에서 숙박시설과 식료품 점에 대해 알아봤다는 내용이다. 기숙사 사용 시 청소에 대한 벌금이 있으므로 청소를 꼭 해놓고 방을 비우는 것이 좋다. KBS, HCO, RRK, CMK 등의 기숙사가 있으며, Fotex, Bilka, Fakta, Super Brugsen / Super Best, Lidl, Aldi, Netto 등의 식료품 점을 이용할 수 있다. 봄 학기와 가을 학기에 기숙사를 이용할 수 있으며, 8월 15일까지 무료로 사용 가능하며 그 이후에는 추가 비용이 발생한다. Saint Georgs Kollegium은 학교에서 매우 가깝고 파티도 많이 열리기 때문에 추천한다."
University of Tampere,"TOAS는 일처리가 빠른 곳은 아니다. 기숙사 신청 시 청소를 잘 해야 보증금을 돌려받을 수 있으며, 기숙사비 납부는 R kioski에서 즉시 가능하다. 핀야는 넓은 공간을 원하는 경우 좋다. 기숙사 신청 시 원하는 분위기나 이름을 적어서 선택할 수 있다. 기숙사비 납부는 한번에 하는 것이 추천되며, 한국 은행 계좌가 없으면 수수료가 많이 나올 수 있다. 직접 은행에 가서 송금해도 된다."
University of Technology of Troyes,"전기세가 많이 나올 수 있다는 얘기를 들었지만, 실제로는 그렇게 많이 나오지 않았고, 기숙사 해지는 최대 3개월이 걸릴 수 있다는 것을 사전에 알아봐야 한다."
University of Texas at Austin,"Halstead는 가격이 높은 것을 제외하면 시설이 좋고 학교와 접근성도 좋은 기숙사이다. 하지만 1년 단위 계약을 해야하는 점과 방의 크기와 컨디션이 랜덤이기 때문에 만족스럽지 않을 수도 있다. 또한, 음식이 맞지 않을 수 있고, 레이버가 귀찮을 수 있으며, 시설이 오래되어 고장이 날 수 있다. 그러나 친구를 많이 사귈 수 있고, 캠퍼스와 가깝다는 장점이 있다. 최종적으로는 선택에 따라 장단점이 있으므로 자신에게 맞는 곳을 선택하는 것이 중요하다."
University of Texas at Dallas,기숙사는 신식이지만 바퀴벌레가 많으며 늦은 기숙사비 납부 시 late fee가 붙는다. 기숙사는 3인 3실 구조이며 주방과 화장실도 공용으로 사용한다. 편의시설로는 냉장고나 전자레인지 등이 없어서 1층 로비를 이용해야 하며 캠퍼스 이동에는 코멧캡이나 코멧 크루져를 이용하는 것이 좋다. 그러나 Bed Bugs 문제가 발생하기도 하며 바퀴벌레 약을 구입하는 것을 추천한다. UTD 학교 연동 계정 메일을 통해 기숙사 등록 절차를 진행할 수 있다.
University of Tours,"프랑스 기숙사와 CAF행정이 느릴 수 있음. 추천하는 기숙사는 Saint Symphorien, Croix Montoire, Europa. 방을 깨끗하게 사용하고 청소를 잘하면 보증금을 돌려받을 확률이 높음. 집 보험을 들어야 함. 1인 1실이지만 주방은 공동주방임 화장실이 협소하지만 시설은 깨끗하고 근처에 큰 마트가 있음."
University of Tuebingen,월세를 높게 적어야 원하는 방에 배정될 확률이 올라감. 기숙사 메일함 자주 확인 필요. WHO 15동은 개인화장실이 없고 하우스마이스터는 독일어만 사용. 방 소음에 대해 요청사항 작성 권장. 기숙사는 짝수/홀수 호 기준으로 사이드로 방이 나뉘어 있음. 분리수거 필요하며 radio fee는 내는 것이 좋음. Wanne의 건물이 깨끗하고 시설이 좋으나 교환이 적고 교통이 불편함. 기숙사 신청할 때 이메일 확인과 링크 클릭 중요
University of Utah,"이 기숙사는 부엌과 화장실을 공유하는 아파트 형식이며, 고기를 굽다가 연기가 많이 나면 화재 경보가 울릴 수 있으므로 오븐을 사용해야 한다. 또한 방에 열쇠를 두고 문을 닫으면 RA가 처음에는 무료로 열어주지만 이후에는 돈을 내야한다. 여름학기를 듣는 학생들만 기숙사를 사용할 수 있고, 학교 밖에 숙박시설은 없으며 여러 유형의 방이 있어 가격도 다양하다."
University of Vaasa,"핀란드 대학교 기숙사는 없으며 대신 학생 아파트를 제공한다. 아파트 선택은 학교와의 거리가 중요하며 가격도 신중히 고려해야 한다. 기숙사에서는 밤에 시끄럽게 하지 말아야 하며 특이사항은 없다. 추천 숙박시설은 'Tekla2'나 'Linna' 아파트이다. 인터넷, 전기, 물세는 모두 포함되며 플랫메이트와 공용 주방, 화장실을 사용한다."
University of Verona,
University of Washington,기숙사 비용이 비싸기 때문에 홈스테이와 스튜디오를 이용하는 것도 좋은 방법
University of Western Australia,"Single room 이용자는 International/Exchange Bursary를 신청 가능하여 $1,000 장학금을 받을 수 있음. 기숙사 배정에서는 요구사항을 명확히 말하면 맞춰줄 수 있음. 가격 합리성을 고려하면 St George's college의 D House는 공용 화장실과 주방을 이용해야 하지만, 생활비를 절약할 수 있음. 기숙사 이용 시 메일 공지를 꼼꼼하게 읽고 등록 기간을 놓치지 않도록 유의해야 함. 기숙사 외에도 홈스테이, 쉐어, 렌트 등의 숙박시설을 이용할 수 있으며 비용을 절감할 수 있음."
University of Wollongong,"교환학생으로써 International House 기숙사에 머무르는 것을 추천하며, 다양한 국적의 학생들과 국제 교류를 할 수 있도록 많은 행사가 있다. 주의사항으로는 화재 경보 주의와 잃어버린 카드키에 대한 비용이 있으며, 다른 숙박시설보다 기숙사가 국제 교류를 할 수 있는 기회가 많다는 이야기도 있었다."
University of Wyoming,"대부분의 학생들은 기숙사나 학교 아파트에서 살게 되며, 기숙사는 식사가 제공되지만 비용이 비싸고, 학교 아파트는 비용이 적게 들지만 조리 시설이 제공되므로 자취와 비슷합니다."
University of the Basque Country,"스페인 교환학생 생활에서 숙소 구하기가 중요하다. 대부분 플랫하우스(쉐어하우스)에서 생활하며 위치와 가격이 중요하다. 숙소 계약시 주의할 점이 많고, 계약서를 쓰는 집주인과 계약하고 보증금을 꼭 확인해야한다. 스페인어를 할 줄 아는 친구를 데려가는 것이 좋다."
University of the Sacared Heart,"해외교환학생이 기숙사 생활 시 주의사항으로 기숙사가 좁고 주방과 냉장고가 없으며, 친구를 초대하는 것은 불가능하며, 세탁기와 건조기는 각각 20NTD로 이용 가능하다. 또한, 기숙사 근처에는 좋은 호스텔이 있으니 추천한다."
University of the Sunshine Coast,기숙사는 경비가 쌈. 기숙사 시설 파손 시 큰 돈을 물게 됨. 첫 날 시설 체크 후 제출해야 함. Unicentral과 Varsity가 인기있는 기숙사. 더러운 조리도구가 많으니 새로 구입하는 것이 좋음. 첫 입사 시 문제 체크 종이를 잘 체크해야 함. 방을 뺄 때 깨끗하게 사용해야 추가비용이 발생하지 않음
University of the West of England,"기숙사 신청은 경쟁률이 높아 빠르게 신청하는 것이 좋으며, 지망대로 배정되지 않을 수도 있다. 기숙사 배정 후 사이트를 통해 생활용품을 미리 주문하는 것이 좋다."
Uppsala University,"기숙사는 거리가 조금 떨어져 있으며, 공학 계열 수업 건물과 거리가 먼 경우도 있다. 기숙사 이용 시 부엌과 거실을 공동으로 사용하므로 청결 유지에 역할분담이 중요하다. 기숙사 이외의 추천 숙박 시설은 없다. 방학 때 기숙사 이용은 무료이며, 퇴실 시 inspection을 꼼꼼히 받아야 하고, 기숙사와 수업 건물과의 거리를 고려해야 한다."
Ural Federal University,쾌적한 시설의 기숙사가 많이 있으며 옮겨서 만족도가 높았다. 언어학당 근처에 위치해 있었지만 30분 정도의 거리였다.
Ural State University,"기숙사는 방학 중에도 사용 가능하며, 주의사항으로는 실내 흡연 금지, 통행증 필수 지참 등이 있다. 경비는 추가로 지불해야 하며, 홈스테이도 추천된다. 다만 홈스테이는 비용이 비싸고 불편한 점이 많기 때문에 고려해야 한다."
Utrecht University,"교환학생으로 유트렉에 갔을 때, 다양한 기숙사 옵션이 있었지만 일찍 방을 구해야 선택의 폭이 넓다는 것이 좋았다. 가격이 저렴한 사설 기숙사에서 생활했으며, 친구들과 파티나 모임도 자주 있어서 매우 좋았다. 숙박 시 계약서를 인쇄해서 소지해야 하는 등 주의사항이 있다. 룸메이트나 플랫메이트를 잘못 만나면 소음공해 등 문제가 있을 수 있으므로 공동생활에 익숙한 사람들에게 추천한다."
Vilnius University,"기숙사를 이용하는 경우, 보증금 등록 시 200리타를 내야하며 보증금 돌려받는 과정이 복잡하므로 여행 일정 등을 고려해야 한다. 시설은 안 좋을 수 있고 일찍 도착하는 경우 좋은 방을 받을 수 있다. 보증금 돌려받기 전 여행을 하려면 미리 돌려받으려고 요청하자. 올란두는 시설이 가장 좋지만, 기본적으로 기숙사 시설은 좋지 않으며 주거 공간이 중요한 경우 플랫이나 에어비앤비를 고려해야 한다."
Vorarlberg University of Applied Sciences,"기숙사 사용할 때는 주의해야 할 사항이 있으며, 간단한 주방용품이 필요하다. 기숙사 외에도 숙박시설 추천이 가능하다. 기숙사 내에서 파티를 할 때는 조용해야 하며, fire alarm에 대한 주의가 필요하다. 추천 숙박시설은 학교에서 알려준다. 기숙사 비용은 다른 시기와 동일하다. Deposit을 내야 하며, 파손된 물품에 대한 벌금이 있을 수 있다. 기숙사 외에도 학교에서 추천하는 플랫을 이용할 수 있으며, 기숙사 생활은 교환학생과 어울릴 기회도 많다. 기숙사 내에서 밤 10시 이후는 조용해야 하며, 파티를 할 때 이웃의 신고가 있을 수 있다. 추천 숙박시설은 기숙사와 가깝다."
Vrije Universiteit Amsterdam,"그린 타워 기숙사는 공용주방이며 화장실을 개인으로 쓸 수 있는 장점이 있어 인기가 많지만, 주방과 가까운 방은 시끄러울 가능성이 있으므로 가능한 멀리 있는 방을 선택하라는 조언이 있다. 대부분의 교환학생이 그린 빌딩에 살고 있으며, 층마다 분위기가 다르지만 불편사항이 있을 경우 어플리케이션내의 라이브 채팅이나 전화를 통해 문제를 해결할 수 있다. 또한, 기숙사 이외에는 추천할 만한 숙박시설이 없다."
Vrije University,신청은 일찍 해야합니다.
Vytautas Magnus University,"Baltija dormitory는 9층으로 이루어져 있고, 대부분의 교환학생들이 이용하며 각 층마다 부엌이 있으며 각 방마다 개인화장실이 있다. 기숙사비용은 저렴하지만 시설은 그리 좋지 않기 때문에 플랫으로 사는 것도 나쁘지 않다. 세탁은 기숙사 지하에 있으며 3유로로 할 수 있다."
Warsaw School of Economics,"폴란드의 기숙사는 다른 유럽국가에 비해 인종차별은 적지만, 사무 행정 처리에서는 인종차별을 받을 수 있다. 기숙사 신청에 오류가 있을 수 있으니 관련 절차를 꼼꼼히 확인해야 하며, 현지 은행 계좌 이체는 복잡하므로 현지 버디의 도움이 필요하다. 기숙사에서는 영어를 할 수 있는 직원이 소수이므로 버디의 도움이 필요할 수 있다. 기숙사 비용은 저렴하고 청소상태는 깨끗하며, 생활에 필요한 가재도구를 미리 준비해야 한다. 침구류는 3주에 한 번씩 교체할 수 있다."
Waseda University,"중요한 주의사항은 관리가 잘 되지 않는 것과 공용냉장고에 식재료를 놓으면 도난당할 수 있다는 것이었고, 기숙사 외에는 원룸을 구하기 어렵기 때문에 기숙사에 들어가는 것이 편리하다는 조언이 있었다. 또 다른 조언으로는 기숙사비를 아는 계좌로 자동으로 빠져나가도록 하거나 현금으로 지불하는 것을 추천하고, 친구를 기숙사에 데려오면 퇴실당할 수 있다는 것과 방 위치는 랜덤이라는 것이 있었다."
Washington State University,"교환학생은 oncampus residence hall에서만 지낼 수 있으며, 기숙사비에 다이닝비가 포함되어 있어 선택할 수 있습니다. 침대시트와 이불은 없으니 월마트에서 사거나 100불을 내면 필요한 물품을 구입할 수 있습니다. 여학생 전용 기숙사도 있고, 반면에 sorority가 있는 기숙사는 가끔 시끄러울 수 있습니다. 필요한 경우에는 기숙사에 신청할 수 있습니다."
Western Illinois University,"교환학생은 WIU의 4개 기숙사 중 가까운 곳을 신청해야 하며, Olson Hall은 교환학생들이 많이 살고 있는 곳이다. 초기에 방 상태를 상세히 기록하고, 기숙사에서 파손이 있다면 fine이 부과된다. Single 방을 추천하며, Double을 선택시 룸메이트 선호도를 까다롭게 작성해야 한다. 또한 2021-2 기준으로 식당이 운영되는 기숙사는 Thompson hall과 Corbin-Olson 두 군데뿐이다."
Worms University of Applied Sciences,"기숙사가 없어서 학교나 직접 기숙사를 구하거나 플랫을 빌려 살았다는 후기를 많이 볼 수 있다. 학교에서 소개해 주는 방은 학생들의 수요에 따라 선택적으로 제공되며, 룸메이트와의 관계가 매우 중요하다는 평가가 많다. 직접 구하는 경우 독일어 실력이 필요하다는 언급도 있다. 방학 때까지 지내는 것도 가능하며, 관리나 계약 해지 같은 문제가 일어날 수도 있다."
Xi'an Jiaotong University,"기숙사는 방학동안 귀국하거나 교내에 없는 경우 외부 기숙사를 배정받으며, 주변에는 다양한 숙박시설이 있다. 기숙사 사용 시 주의사항으로는 취사와 온수가 제한적이고, 부가비용 개인 부담이다. 교환학생에게는 무료로 제공되는 2인실이 있으며, 개인화장실과 깨끗한 환경을 원하는 경우 유학생25舍 1인실로 옮길 수 있다."
York St John University,"시설은 좋으며 학교, 시티센터까지 걸어서 5-20분 소요됨. 기숙사 늦게 신청하면 불편하다는 의견이 많으며, 기숙사 신청서를 빨리 제출하도록 권장. Brickworks 기숙사의 가격이 City Residence보다 비싸고 학교에서 멀지만, 그 외에는 좋다는 평이 있음. 기숙사비는 1회에 지불할 수 있으며, 학교에 문의하면 더 자세한 안내를 받을 수 있다."
York University,
Zagreb School of Economics and Management,"교환학생을 위한 페이스북 그룹에서 룸메이트 구하는 글을 참고하여 직접 방을 둘러보고 계약하는 것이 좋은 방법이며, 알아서 신청해야 하는 방법도 있지만 대부분의 경우 에이전시 fee가 높아 발품을 팔아서 직접 구하는 것이 좋다. 기숙사나 기타 숙소 계약 시 주의할 점도 있음."
Zagreb school of economics and management,"기숙사가 없어서 숙소를 구하는 방법으로는 에어비앤비, 호스텔, HomeinZagreb 등이 있으며, HomeinZagreb는 수수료가 많이 떼어지지만 가장 편한 방법이다. 하지만 보증금 문제가 발생할 수 있으니 조심해야 하며, 숙소 위치는 옐라치치 광장과 학교가 가까운 Petrova나 Bukovacka쪽이 좋다는 것이다."
Zurich University of Applied Sciences,"기숙사는 깨끗하고 좋으며 부엌과 화장실 등 공용 시설을 깨끗하게 사용해야 한다. CAMP AXA가 최신 건물로 교환학생들의 거주지로 추천되며, 6개월치 비용을 미리 내야 한다는 단점이 있다. 하지만 많은 용품들과 청소 서비스를 제공한다. 밥을 매일 해먹어야 하기 때문에 밥솥과 한국음식들이 필수이다. 기숙사 생활은 많은 교류와 파티, 외국친구들과 친해질 수 있는 재미있는 경험이다."
École centrale d'électronique,"미리 구한 집은 실제로 보지 않기 때문에 좋지 않을 수 있다는 점을 고려해야 하며, 시간과 체력이 널널하며 프랑스어에 능통하고 까다로운 사람은 에어비앤비나 한인민박에서 임시숙소를 잡고 집을 보러 돌아다니는 것이 좋다."
