uni,url,country,code,
Aalborg University,https://drive.google.com/uc?id=1kvcndpDnuX8oTO26FTT5uQuG_2QxfP9F,Denmark,dk
American University,https://drive.google.com/uc?id=1dTmtUifYz_LMTAfd1F2LFY7h1x33NGeV,United States,us
American University (WSP),https://drive.google.com/uc?id=1aVq4HXES8dBdeaRsidiK7lLtWF5NQysU,United States,us
Aoyama Gakuin University,https://drive.google.com/uc?id=1-KXPSr9WqjIz3L97tkNaek0TiQwSUSbf,Japan,jp
Arizona State University,https://drive.google.com/uc?id=1CWtlduFDXVkWnqchKTDnv1Lh0zHN8b5O,United States,us
Arkansas State University,https://drive.google.com/uc?id=16Hn-7WW0LnaVEAZZBcWzo4eNpl_YSaJJ,United States,us
Aston University,https://drive.google.com/uc?id=1UycJ62HaYeB46_qUJz86UI_K79iOTbar,United Kingdom,gb
Audencia Business School,https://drive.google.com/uc?id=1K0dg2_fNqsLJbqjAVEnUYiIs8CeOuYtj,France,fr
Audencia Nantes School of Management,https://drive.google.com/uc?id=1nNtYrzL-3DR1vMEifrLxutixQsE6YLYA,France,fr
Australia National University,https://drive.google.com/uc?id=1h2_xJN0uF46Gfjzt9d7Wjj1_0IJUJUYP,Australia,au
Australian National University,,Australia,au
Autonomous University of Barcelona,https://drive.google.com/uc?id=1Gm_k_gA4jZFB3DCr2vFmoUGJxvuy4kjs,Spain,es
Autonomous University of Madrid,https://drive.google.com/uc?id=1D_DNSyYPa-BOhuZTelr7Vvi4YKcDhbFY,Spain,es
BEM Management School,https://drive.google.com/uc?id=1u1e_ra7t3dlrw6jl3yQyp8NgWrvZwoTz,France,fr
Beijing Institute of Technology,https://drive.google.com/uc?id=1E60Q1nOkPClQbsgotvpDtnvJDS4dVQZy,China,cn
Beijing Normal University,https://drive.google.com/uc?id=1AqY4M9lLDoFteoe6JFpaaxeQgIfckB0V,China,cn
Berlin School of Economics,https://drive.google.com/uc?id=1KXslHv_V66MzYSakdqpCyao8MLYeMKCL,Germany,de
Berlin School of Economics and Law,https://drive.google.com/uc?id=1yD8nu0EtmgS7C83WcGeuYpWHVdvnPzXL,Germany,de
Berlin School of Economics and Law Schoneberg Campus,https://drive.google.com/uc?id=1d2qC4zBDWtkjMHuGvoLiZMFbFnBE2viu,Germany,de
Berlin University of Applied Sciences and Technology,,Germany,de
Birmingham City University,https://drive.google.com/uc?id=1gIs_2Yk9d9GnBRkialTsG3OtvqOFPhr2,United Kingdom,gb
Boise State University,https://drive.google.com/uc?id=18k7REk4PVy3OneLxHgwMiHSXgDLL-PMi,United States,us
Bordeaux ecole de management(현 Kedge business school),https://drive.google.com/uc?id=1odOgT2Rp3U8Q7FkeGxhASCRKq_rF2Kt1,France,fr
Bosphorus University,https://drive.google.com/uc?id=1QDgbtyl_UlI3gY8ZUJYeQUbv4TNtvrQu,Turkey,tr
CBS International Business School,https://drive.google.com/uc?id=1qxjqd9K_7gxptceTfVEhlGFIfGvZpP4u,Germany,de
CLARKSON UNIVERSITY,https://drive.google.com/uc?id=1Yi3IHh9sG7fx1eGPEhdLUGX0Vot5T1kx,United States,us
Ca' Foscari University of Venice,https://drive.google.com/uc?id=1EhVw8zVf1lf0L_lsoAotopmqKAorA9V8,Italy,it
California State University San Marcos,https://drive.google.com/uc?id=1-ti40bLvdDqIZQjeKMAenGtEmwPCvFFc,United States,us
"California State University, Long Beach",,United States,us
Catholic University of Lille,https://drive.google.com/uc?id=1CDt_oawAnGgsynZNDSaysYmH7n8pGdwg,France,fr
Catholic University of the Sacred Heart,https://drive.google.com/uc?id=1uVxpLNHhoFGvrgGi5le126qXDutREzZ2,Italy,it
Charles University,https://drive.google.com/uc?id=179D-CmyAX0DkMoTFlp_UOuGEMZwO3qsP,Czech Republic,cz
Chemnitz University of Technology,,Germany,de
Chiba University,https://drive.google.com/uc?id=1h18sKjGutjt_Ga87eb3HZKzIrhYXLd6u,Japan,jp
Chinese University of Hong Kong,https://drive.google.com/uc?id=1DO7u_zf8Duidtr9izvDVra21inS1PbAp,Hong Kong,hk
Chuo University,https://drive.google.com/uc?id=1T06l0oIA-C_mMoxygQmlOyR8CCYORc7I,Japan,jp
City University of Hong Kong,https://drive.google.com/uc?id=11AdpY3lvmnbZehgHUsye8DHdQt46bVSe,Hong Kong,hk
Clarkson Univeristy,https://drive.google.com/uc?id=1Yi3IHh9sG7fx1eGPEhdLUGX0Vot5T1kx,United States,us
Clarkson University,https://drive.google.com/uc?id=1Yi3IHh9sG7fx1eGPEhdLUGX0Vot5T1kx,United States,us
College of Charleston,https://drive.google.com/uc?id=1oiqz3mAOJvv1inish4LV7ZNav5nfbHqF,United States,us
Columbia University,https://drive.google.com/uc?id=1gbBeaRp_UzpwJD5Xj53l7iNQlTYN5htE,United States,us
Copenhagen Business Academy,https://drive.google.com/uc?id=1ILUCouuZtF05wKKdmouIipz72qxZE8lh,Denmark,dk
Copenhagen University College of Engineering,https://drive.google.com/uc?id=15z84y_QlgGAzuLDaAVCkKaaRt904MGjY,Denmark,dk
Czech Technical University in Prague,https://drive.google.com/uc?id=1ozEIki_g5hEXhj3j97omFNnY4s_BJrhU,Czech Republic,cz
Daito Bunka University,https://drive.google.com/uc?id=13nwm02fuG2lRzZzA42kw33aMT00BAuQB,Japan,jp
ECOLE SUPERIEUR DE COMMERCE INTERNATIONAL DE PAS DE CALAIS,https://drive.google.com/uc?id=1UoP4l-DTORVlbp51PYLercNZTc0UC2pf,France,fr
EDHEC Business School,https://drive.google.com/uc?id=1lxFc7gralSjojKMcOPBWdaGYOunlBRu,France,fr
EPF School of Engineering,https://drive.google.com/uc?id=1d3zd4aepFdKyi4DQ8KB9MUb3dC_5wrK3,France,fr
ESADE Business School,https://drive.google.com/uc?id=10aLNfP-6EzIkPA7K4tRUr-gFCpBGQFYL,Spain,es
Ecole de Management Leonard De Vinci,,France,fr
Edith Cowan University,https://drive.google.com/uc?id=10aLNfP-6EzIkPA7K4tRUr-gFCpBGQFYL,Australia,au
Elon University,https://drive.google.com/uc?id=1-TL7hU8NFP2FivyU_zpyGgZaXDjgSPgR,United States,us
Emlyon Business School,,France,fr
Engineering College of Copenhagen,https://drive.google.com/uc?id=1-TL7hU8NFP2FivyU_zpyGgZaXDjgSPgR,Denmark,dk
Enhancing Science Courses by Integrating Python,https://drive.google.com/uc?id=1X8QVwlJUtYBL8tzwc8jhRtbwHZEdkBBV,France,fr
Erasmus University Rotterdam,https://drive.google.com/uc?id=1lgZi0h4qJLoMwvIzzEarBkmTVCbTXM4z,Netherlands,nl
European University of Madrid,https://drive.google.com/uc?id=1PQDyAzC8TPS6XeXuntL5i8S2jSrQr6CI,Spain,es
FH Campus Wien,https://drive.google.com/uc?id=1aaIDs6I3Cqa-q5s5oouxmwvlTIZPKmmJ,Austria,at
FH Kufstein,https://drive.google.com/uc?id=1QCkLz2N-tvmkCU6_L-vwFEIXONgyJxux,Austria,at
FHWien of WKW,https://drive.google.com/uc?id=1QCkLz2N-tvmkCU6_L-vwFEIXONgyJxux,Austria,at
Fachhochschule Worms University of Applied Sciences,https://drive.google.com/uc?id=1Z3G2c9LwGT2IYUWF5HPj8NI2-HqdWuLQ,Germany,de
"Faculty of Economics and Business, University of Zagreb",https://drive.google.com/uc?id=1Z3G2c9LwGT2IYUWF5HPj8NI2-HqdWuLQ,Croatia,hr
Fairleigh Dickinson University,https://drive.google.com/uc?id=1DSuP_noY_10vZ6HyXXS3dJVoN-kBkTss,United States,us
Fairleigh Dickinson University (Vancouver Campus),https://drive.google.com/uc?id=1gOt6xsVtn47HaAVNCSs3gKaxzBy7506S,Canada,ca
Florida Gulf Coast University,https://drive.google.com/uc?id=1qbRy6hMOz_fNm8VYc4jgvWEeN_R7KZqD,United States,us
Florida International University,,United States,us
Florida State University,https://drive.google.com/uc?id=17ptA84AxXevTptrPS0J2v91PRajqMXqM,United States,us
Fontys University of Applied Sciences,https://drive.google.com/uc?id=10tfsoFtyYGxAynTzmd8E_KUoXX0sCPDs,Netherlands,nl
Fontys University of Applied Sciences (Eindhoven),https://drive.google.com/uc?id=1XOzbmTYtoWNQnbucDq-Srd-dK7nlsYfo,Netherlands,nl
Fontys University of Applied Sciences (Tilburg),https://drive.google.com/uc?id=1niHCFdu7po3o1YYzwoS2EQRebhOs86yS,Netherlands,nl
Fontys University of Applied Sciences (Venlo),https://drive.google.com/uc?id=1niHCFdu7po3o1YYzwoS2EQRebhOs86yS,Netherlands,nl
Fontys university of applied science,https://drive.google.com/uc?id=10tfsoFtyYGxAynTzmd8E_KUoXX0sCPDs,Netherlands,nl
Frankfurt School of Finance & Management,https://drive.google.com/uc?id=1tlLEFvZo1P9FtKmJewwZm2mIsLJ1uBIt,Germany,de
Frankfurt University of Applied Sciences,https://drive.google.com/uc?id=1tlLEFvZo1P9FtKmJewwZm2mIsLJ1uBIt,Germany,de
Frankfurt school of finance & management,https://drive.google.com/uc?id=1tlLEFvZo1P9FtKmJewwZm2mIsLJ1uBIt,Germany,de
Fudan University,https://drive.google.com/uc?id=1qG6zlvl-28lbIzCh0CFlDbhpad1JaSl4,China,cn
Fulda University of Applied Sciences,https://drive.google.com/uc?id=1NVBk0ogDoWQM4gGGnACGvFbpd74a1u4O,Germany,de
Furtwangen University,https://drive.google.com/uc?id=1M-vg7dtcf3Q60yvYxc3jHM61ZFdJvwF,Germany,de
George Washington University,https://drive.google.com/uc?id=16O1Ttmn31WimyyTB93S2mDTmF8pRWouI,United States,us
Grenoble Alpes University,https://drive.google.com/uc?id=1qSA425RlnFZlJ0rsIeF-tFsTUl2RBW1p,France,fr
HEC Montreal,https://drive.google.com/uc?id=1qSA425RlnFZlJ0rsIeF-tFsTUl2RBW1p,Canada,ca
HU University of Applied Sciences Utrecht,https://drive.google.com/uc?id=1_ImURQ_6aJ7pworsJsUp0Xrnfl7hslhT,Netherlands,nl
Haaga-Helia University of Applied Sciences,https://drive.google.com/uc?id=13EXeA3zP_Es6ZYPAaWi2ED1yQPpoCMPD,Finland,fi
HafenCity University Hamburg,https://drive.google.com/uc?id=1XgmBVEplqDt3U-g64ubM9l3wWNfFnfq4,Germany,de
Hague University of Applied Sciences,https://drive.google.com/uc?id=1XgmBVEplqDt3U-g64ubM9l3wWNfFnfq4,Netherlands,nl
Halmstad University,https://drive.google.com/uc?id=1pMWv_eZ0DrkjWtqTo_9h8LzKBKv695OX,Sweden,se
Hanze University of Applied Sciences,https://drive.google.com/uc?id=1H8Wpal48PFcxdR4SFQhOzwOTWuAAcjtX,Netherlands,nl
Hawaii Pacific Univeristy,https://drive.google.com/uc?id=1SlKzR1y20hwnfSgQkIEGWH5mxAWSH3tD,United States,us
Hawaii Pacific University,https://drive.google.com/uc?id=1SlKzR1y20hwnfSgQkIEGWH5mxAWSH3tD,United States,us
Heidelberg University,https://drive.google.com/uc?id=1cwSHxs218TYfNy4LFdk2RqAxvQ4fpqUg,Germany,de
Higher School of Economics,https://drive.google.com/uc?id=1BFMw85egwnH9QDWn_etOfBX0eiFUCwAf,Russia,ru
Higher Technical School of Architecture of Madrid,https://drive.google.com/uc?id=17qLS5K62nb2YJcJLUeqoK-gQWEZnqzcY,Spain,es
Hitotsubashi University,https://drive.google.com/uc?id=17qLS5K62nb2YJcJLUeqoK-gQWEZnqzcY,Japan,jp
Hochschule Furtwangen University,https://drive.google.com/uc?id=1nOhFHWzuY4aE59md1PEbfGRBCh-JASDl,Germany,de
Hochschule Osnabrueck,https://drive.google.com/uc?id=1D-yZokfE0B-rKgfMD0on7SdvN4QiE7VW,Germany,de
Hof University,https://drive.google.com/uc?id=1yFg7yaCnLQT6DADAYlA2Bcqn2neX7k08,Germany,de
Hokkaido University,https://drive.google.com/uc?id=1q4Q_d4rE8xdJgttIDZCregz8_tfqe8uX,Japan,jp
Hong Kong Baptist University,https://drive.google.com/uc?id=1q4Q_d4rE8xdJgttIDZCregz8_tfqe8uX,Hong Kong,hk
Hong Kong University of Science and Technology,https://drive.google.com/uc?id=1Z1GmQGu5B0PYGuE9GkoNdYALO9XATYl4,Hong Kong,hk
Hongkong University of Science and Technology(HKUST),https://drive.google.com/uc?id=1nmx6Yk63gJ7DdSLV9nxOhdq4U3SgdHNS,Hong Kong,hk
Huazhong University of Science and Technology,https://drive.google.com/uc?id=1nmx6Yk63gJ7DdSLV9nxOhdq4U3SgdHNS,China,cn
ICHEC Brussels Management School,https://drive.google.com/uc?id=18l-VXTqztsLlzY1q6pCY3lkZ9rvHc9MA,Belgium,be
ICN Business School,https://drive.google.com/uc?id=1iXV68yfvSW8bXFt98mn0cd9QO6e8j45h,France,fr
IE University,https://drive.google.com/uc?id=1ZrN6DLhXLXZ6NHer5l2D6c9QhESly1WG,Spain,es
IESEG School of Management,https://drive.google.com/uc?id=1Wd8aSWp_EnqZzaAKKfdqpfK-j0lygA_5,France,fr
INSEEC (ECE LYON),,France,fr
INSEEC BUSINESS SCHOOL,https://drive.google.com/uc?id=1RKH7u1DORHSrIJV-rgdtHnWz-W8NN4sQ,France,fr
INSEEC Business School,https://drive.google.com/uc?id=1RKH7u1DORHSrIJV-rgdtHnWz-W8NN4sQ,France,fr
INSEEC Business School (Bordeaux),https://drive.google.com/uc?id=1HANgNKJcuyc3tZyfrl09zPSNzf9DPF5X,France,fr
INSEEC Business School (Paris),https://drive.google.com/uc?id=1WDFFoUTBCkctFFZGJJJLisyPKOlflkoA,France,fr
ISCID-CO,https://drive.google.com/uc?id=1z5Ha8hdNEgOrq_mAqdU_Z5vZMjtkYF-i,France,fr
Indiana University,https://drive.google.com/uc?id=12d404V_wnrvX3JkDR2oaJM4253NiiDjz,United States,us
Indiana University Bloomington,https://drive.google.com/uc?id=1yga_2K7aABRjJotSfnsJmD-4WzV6opX0,United States,us
"Indiana University, Kelley School of Business",https://drive.google.com/uc?id=1c0qticYRwmRc5uz3PYyCGTHDXxm-Kcn2,United States,us
Inholland University applied science,https://drive.google.com/uc?id=1L1buNb5MesdYcj7iGic7UMAUHjSRmARB,Netherlands,nl
Inholland University of Applied Sciences,https://drive.google.com/uc?id=14XqE8_hICACYkK56toV0zSA3Mqcz968,Netherlands,nl
Institut national des langues et civilisations orientales,https://drive.google.com/uc?id=14XqE8_hICACYkK56toV0zSA3Mqcz968,France,fr
Institut superieur du commerce de Paris,https://drive.google.com/uc?id=1Zkl7owEcnBueHyrEZhjcoEkiht3y694,France,fr
Irkutsk National Research Technical University,https://drive.google.com/uc?id=1mVtSuoNn7TtiCEAiAuemQ8xWzslaKn1u,Russia,ru
Jean Moulin University Lyon 3,https://drive.google.com/uc?id=1leVWoiRwnExnczTmV36VZumHdGe7NVIJ,France,fr
Jilin University,https://drive.google.com/uc?id=1i9TbFZEGKdvkGDWWrcNSEu8I3J7CjTZy,China,cn
KEDGE Business School,https://drive.google.com/uc?id=1i9TbFZEGKdvkGDWWrcNSEu8I3J7CjTZy,France,fr
KIMEP,https://drive.google.com/uc?id=1bZB7bydSsr7Sj-oU2A4__0Vkc1u1cISC,Kazakhstan,kz
Kajaani University of Applied Sciences,https://drive.google.com/uc?id=1Pw5P1YFKRc5XzlbHKUKnmIAVndXFe9DD,Finland,fi
Katholieke Universiteit Leuven,https://drive.google.com/uc?id=1alOVfFy2Ko0SWnNcIQV9baa0dBoyazdo,Belgium,be
King's University College (University of Western Ontario),https://drive.google.com/uc?id=1sOjBH5pxEK7qiB7fuyx91CWKWqUhNNkj,Canada,ca
Kingston University,https://drive.google.com/uc?id=1zelkXewL4TUYFac_QAMTyNlxkKaLpSSL,United Kingdom,gb
King’s College London,https://drive.google.com/uc?id=15LYm1Tz-4oPBat3fLCYQULffwuReKq6p,United Kingdom,gb
Kobe University,https://drive.google.com/uc?id=15LYm1Tz-4oPBat3fLCYQULffwuReKq6p,Japan,jp
Kyushu University,https://drive.google.com/uc?id=1zPkVlGnlVK9zyMMv2WxrVQ8m8c22TtQv,Japan,jp
LUT University,https://drive.google.com/uc?id=18JQi5JnUn9PHPlb7yKKShPU06Hau0QVu,Finland,fi
La Rochelle University,https://drive.google.com/uc?id=14wrn4atsQ7a1azRsog9nKt66JKIv27Az,France,fr
Lanzhou University,https://drive.google.com/uc?id=1j4vWj8TUrt9su0E8fyQA_SG_LRgQze3Y,China,cn
Lappeenranta Univeristy of Technology,https://drive.google.com/uc?id=19MvGKgfOvNvxPZXXNXo956BMUG2Gi193,Finland,fi
Leiden University,https://drive.google.com/uc?id=1sNCp9iJFrcVCTCrr2cKrMBKoOYQ5KOUH,Netherlands,nl
Leonardo da Vinci University Center,https://drive.google.com/uc?id=1zqAzCNMRyHrW-Vc0_11eAs7mCfY9mppC,France,fr
Leuphana Universitaet Lueneburg,https://drive.google.com/uc?id=1AL1xvLSaRi1_WEaEZOVgWkIrC9QSTE5Y,Germany,de
Leuphana University,https://drive.google.com/uc?id=1AL1xvLSaRi1_WEaEZOVgWkIrC9QSTE5Y,Germany,de
Leuphana University of Luneburg,https://drive.google.com/uc?id=1AL1xvLSaRi1_WEaEZOVgWkIrC9QSTE5Y,Germany,de
Lille Catholic University,https://drive.google.com/uc?id=1d-GI9ySVDhkIrOXGVkC7BAe0BZC_QT5m,France,fr
Lille Catholic University ( I?SEG ),https://drive.google.com/uc?id=1giWrII8Xa_r--aMmPE3LOSIw9wiPjeqp,France,fr
Linkoping University,https://drive.google.com/uc?id=1kUGpHW-hesqnRFKokdl98FI8dON5_zVe,Sweden,se
Linnaeus University,https://drive.google.com/uc?id=1NxTDdVdfDmeiUbHj7CrqApoAi09vmIka,Sweden,se
London College of Fashion,https://drive.google.com/uc?id=1wWEG0AHeCnGoBCZe1tdphAid4SknnGGR,United Kingdom,gb
Lucerne University of Applied Sciences and Arts,,Switzerland,ch
MCI Management Center Innsbruck,https://drive.google.com/uc?id=1wWEG0AHeCnGoBCZe1tdphAid4SknnGGR,Austria,at
MONTANA STATE UNIVERSITY,https://drive.google.com/uc?id=1y8e_oMyF_BhhGTSE7n_0HKdQJBJCPVp1,United States,us
MOSCOW NATIONAL COLLEDGE RUSSIAN LANQUAGE,https://drive.google.com/uc?id=1IB-eZjxOEHak8G9myXvLD-uEXGd6K_JP,Russia,ru
Maastricht University,https://drive.google.com/uc?id=1vWs3v2rxl7dGDGgoFSWPnIPXaE9PLSnw,Netherlands,nl
Mainz University of Applied Sciences,https://drive.google.com/uc?id=17GH8WIzx1eLbiNorlFzLOd4dEgGQy569,Germany,de
Mainz university of Applied science(Hochschule Mainz),https://drive.google.com/uc?id=1N8EcUu-yc3zo4lZVd3kY8XSD3YuyN_2J,Germany,de
Major University,https://drive.google.com/uc?id=1U0raGisLC_UiovTKjjrQPSY0rBBWvp2P,Chile,cl
Masaryk University,https://drive.google.com/uc?id=15xXI2Syi3kr7ZWOjMhKalXv3BkIkemQ0,Czech Republic,cz
Masaryk university,https://drive.google.com/uc?id=15xXI2Syi3kr7ZWOjMhKalXv3BkIkemQ0,Czech Republic,cz
Memorial University of Newfoundland,https://drive.google.com/uc?id=1HlAWtU4BEZOVouWh1ZgkrDw00jyHHw2C,Canada,ca
Memorial University of Newfoundland (Grenfell Campus),https://drive.google.com/uc?id=1swNF_nFNIWxHjmrLOQZsAWWA5dWX6UkR,Canada,ca
Middlesex University,https://drive.google.com/uc?id=1m0co_o8tT9kmLPr-C5xadw-nmy0HxtsC,United Kingdom,gb
Monterrey Institute of Technology and Higher Education,https://drive.google.com/uc?id=1m0co_o8tT9kmLPr-C5xadw-nmy0HxtsC,Mexico,mx
NATIONAL CHIAO TUNG UNIVERSITY,https://drive.google.com/uc?id=1qVqcRuoQRrL1LOFRKyyxlaaNiLNYx85D,Taiwan,tw
NEOMA Business School,https://drive.google.com/uc?id=1qVqcRuoQRrL1LOFRKyyxlaaNiLNYx85D,France,fr
NHL Stenden University of Applied Sciences,https://drive.google.com/uc?id=1nuoZ4Z94u2wl9nFhNa5K5At0n-47w0Eh,Netherlands,nl
Nagasaki University,https://drive.google.com/uc?id=1nuoZ4Z94u2wl9nFhNa5K5At0n-47w0Eh,Japan,jp
Nagoya University,https://drive.google.com/uc?id=1nuoZ4Z94u2wl9nFhNa5K5At0n-47w0Eh,Japan,jp
Nagoya Univesity ,https://drive.google.com/uc?id=1nuoZ4Z94u2wl9nFhNa5K5At0n-47w0Eh,Japan,jp
Nankai University,https://drive.google.com/uc?id=1nuoZ4Z94u2wl9nFhNa5K5At0n-47w0Eh,China,cn
Nanyang Technological University,https://drive.google.com/uc?id=1kiS2oOwLWydO8emKXK0_57c3VHyq4iC1,Singapore,sg
National Chengchi University,https://drive.google.com/uc?id=1kiS2oOwLWydO8emKXK0_57c3VHyq4iC1,Taiwan,tw
National Chiao Tung University,https://drive.google.com/uc?id=1qVqcRuoQRrL1LOFRKyyxlaaNiLNYx85D,Taiwan,tw
National Chung Cheng University,https://drive.google.com/uc?id=1AXgPiI38Dq2ajPQ2y3Od2tmjb0wFxL9l,Taiwan,tw
National Institute for Oriental Languages and Civilizations,,France,fr
National Sun Yat-sen University,https://drive.google.com/uc?id=1p0CTR3Du8CCm4y8o3l2HrzGXvHdXD-n_,Taiwan,tw
National Taipei University of Technology,https://drive.google.com/uc?id=1XXAF9K_q94Y2lm77r4yiBBXq2z3Gwx3b,Taiwan,tw
National Taiwan Normal University,https://drive.google.com/uc?id=1ehEX3tQ3rIOUkTmUv2C8r8Cgk7MajJQ5,Taiwan,tw
National Taiwan University,https://drive.google.com/uc?id=1KrvD0rSk46HG95vF5UO4vLrxcrjUiBLv,Taiwan,tw
National University of Ireland,https://drive.google.com/uc?id=12kAw2B8i46TRL_SOYecmuzK1o-V_GKM_,Ireland,ie
Niels Brock Copenhagen Business College,https://drive.google.com/uc?id=1XCARHgx3_WEATLJzqzBNaup9Oh0s0Xn2,Denmark,dk
Nipissing University,https://drive.google.com/uc?id=1VCWQr_V7b2EuNaoe1jJff8DqYsEqQDW8,Canada,ca
Nishogakusha University,https://drive.google.com/uc?id=1NIIgIVW9GMRvjU7ZyjtJQKPu8ZYDhDJD,Japan,jp
North Park University,https://drive.google.com/uc?id=1NIIgIVW9GMRvjU7ZyjtJQKPu8ZYDhDJD,United States,us
Northumbria University,https://drive.google.com/uc?id=1hFswYGaqIOo1TzXoee06ihDpsXNFko46,United Kingdom,gb
Northwestern Polytechnical University,https://drive.google.com/uc?id=1hFswYGaqIOo1TzXoee06ihDpsXNFko46,China,cn
Okanagan College,https://drive.google.com/uc?id=1D7A2-KHJWu-9xICtgLvl0j6jAsleqW8_,Canada,ca
Okayama University,https://drive.google.com/uc?id=1IQOqNq-iYMSuYkE6Sos3_bFdYMWTHSH1,Japan,jp
Osnabrueck University of Applied Sciences,https://drive.google.com/uc?id=1gKNECp5QabqvD8OTRe7OHimCzoqwZq_J,Germany,de
PUSHKIN STATE RUSSIAN LANGUAGE INSTITUTE,,Russia,ru
Pantheon-Sorbonne University,https://drive.google.com/uc?id=1gKNECp5QabqvD8OTRe7OHimCzoqwZq_J,France,fr
Paris Dauphine University,https://drive.google.com/uc?id=1u1ghY27ZIGZASYlbUDZ3xY6NoJAPjAOK,France,fr
Paris School of Business,https://drive.google.com/uc?id=1rrOEjc0egLAAsEYp10IbYxlWbhmZPPyI,France,fr
Peking University,https://drive.google.com/uc?id=12ly8gdLaVDGJwvgAJJ25hYFBqWmMPOlT,China,cn
Pennsylvania State University,https://drive.google.com/uc?id=1b-cBXxDoM8teRBxJ_OuxYNvZgBb3hxiZ,United States,us
Polytechnic University of Milan,https://drive.google.com/uc?id=1Y5Ad7qDbskqcDfK_vjjSJDcJ1h8VrwxQ,Italy,it
Portland State University,https://drive.google.com/uc?id=1tx4wbZ2QQzLyQrcPsOYh55SU-HoGx2n4,United States,us
Pushkin Institute,https://drive.google.com/uc?id=1tx4wbZ2QQzLyQrcPsOYh55SU-HoGx2n4,Russia,ru
Queen Mary University of London,https://drive.google.com/uc?id=1cNUXtn3FGSWln3aHO4IdwAcKtKvdfAw8,United Kingdom,gb
Queen's University Belfast,https://drive.google.com/uc?id=1SRamqkWNjd6JC4bmKMDXBMTgTE8WnS2X,Northern Ireland,gb
Queensland University of Technology,https://drive.google.com/uc?id=1qcvCWs7giMjaaGtSkz7r5HcOyczp3p0P,Australia,au
RWTH Aachen University,https://drive.google.com/uc?id=1qcvCWs7giMjaaGtSkz7r5HcOyczp3p0P,Germany,de
Radboud University Nijmegen,https://drive.google.com/uc?id=1ry7rP4DtCueYZ3mnXJHW6LSqyoTnWkyT,Netherlands,nl
"Renmin University of China, School of Business",https://drive.google.com/uc?id=1xe5-LQ3YEgAgpYGWNk4WYq1yXdEnx5Z0,China,cn
Ritsumeikan University,https://drive.google.com/uc?id=1xe5-LQ3YEgAgpYGWNk4WYq1yXdEnx5Z0,Japan,jp
Roskilde University,https://drive.google.com/uc?id=1Lv5UN1Im7Mi0D-ERfKH6nzhUYrA9Y3g1,Denmark,dk
"Royal Holloway, University of London",https://drive.google.com/uc?id=1BTOtor0Ul4m4DGqfkRxbWoPLAHDoXDAw,United Kingdom,gb
Ruhr Universitat Bochum,https://drive.google.com/uc?id=1Y1plK1OHxPizCXwxF1KEDnz6soxHTGl2,Germany,de
Ruhr University Bochum,https://drive.google.com/uc?id=1Y1plK1OHxPizCXwxF1KEDnz6soxHTGl2,Germany,de
Ruhr University of Bochum,https://drive.google.com/uc?id=1Y1plK1OHxPizCXwxF1KEDnz6soxHTGl2,Germany,de
SGH Warsaw School of Economics,https://drive.google.com/uc?id=1Y1plK1OHxPizCXwxF1KEDnz6soxHTGl2,Poland,pl
Sabancı University,https://drive.google.com/uc?id=1Y1plK1OHxPizCXwxF1KEDnz6soxHTGl2,Turkey,tr
Saint Petersburg State University,https://drive.google.com/uc?id=1Y1plK1OHxPizCXwxF1KEDnz6soxHTGl2,Russia,ru
Shandong University,https://drive.google.com/uc?id=1f44jj5zGvp5WmAyo7p2bAkaxBIaWY1Ha,China,cn
Shanghai Jiao Tong University,https://drive.google.com/uc?id=1T7cBAW91YseUFOEBlFaebsTjSqb2Dqfj,China,cn
Simon Fraser University,https://drive.google.com/uc?id=1n-aewueWFqKLGGX_vLAh57Q5w2y6CezG,Canada,ca
Singapore Management University,https://drive.google.com/uc?id=1lzYlPxq20KZ-8zetK0V0oslkSrL8Q1e2,Singapore,sg
Soka University of America,https://drive.google.com/uc?id=1U4bva2rRd7O_c_O5lvPjefhxvtNWQZvz,United States,us
St. Polten University of Applied Sciences,,Austria,at
State University of New York,https://drive.google.com/uc?id=1n5kVcLJC2_cNQ6LYTGX3lG1z_xAfT9Xo,United States,us
State University of New York at Buffalo,https://drive.google.com/uc?id=1Jq6EVDmmjIA2jprCp2zhZh65c4QLXhIs,United States,us
Stendhal University,https://drive.google.com/uc?id=1wqWTT0ZQSqCQ0HdcsDIKOv0xrK-gmeAy,France,fr
Stockholm University,https://drive.google.com/uc?id=1uQ4ldbARePT9GtB1hkrZoOHOu_RfJlRJ,Sweden,se
Sun Yat-sen University,https://drive.google.com/uc?id=1zUsuilVwGSIAtMOq3V2qDhfc-eI4sFxu,China,cn
Sun-Yat-Sen University(중산대학),https://drive.google.com/uc?id=182S813yIxchuQxUN-Xer18adz4x314W_,China,cn
Swinburne University of Technology,https://drive.google.com/uc?id=182S813yIxchuQxUN-Xer18adz4x314W_,Australia,au
TEC DE MONTERREY CAMPUS ESTADO DE MEXICO,,Mexico,mx
Tampere University,https://drive.google.com/uc?id=1iIBI3ltyZIQDvfW1bzpBn2uX41MYV8Rz,Finland,fi
Tampere University of Applied Sciences,https://drive.google.com/uc?id=1iIBI3ltyZIQDvfW1bzpBn2uX41MYV8Rz,Finland,fi
Tampere University of Technology,https://drive.google.com/uc?id=1SwH1QIKC4KZwAQB9kAedB7VwuakAUSCx,Finland,fi
Technical University of Denmark,https://drive.google.com/uc?id=1-CosUxkOj9IMdXcB2N3eIySIgnZCJBx8,Denmark,dk
Technical University of Denmark (Ballerup Campus),https://drive.google.com/uc?id=1qQX-raBIt_tA6IWVckZb_zIhJkKPtM3s,Denmark,dk
Technical University of Denmark Ballerup Campus,https://drive.google.com/uc?id=1tGjcPuFEGZ8THccG4KLop9afnc3xuItq,Denmark,dk
Technical University of Denmark Ballerup campus,https://drive.google.com/uc?id=1tGjcPuFEGZ8THccG4KLop9afnc3xuItq,Denmark,dk
Technical University of Munich,https://drive.google.com/uc?id=1d-qTlxL6DrpqehkyI_Br1taQTt0-UTKK,Germany,de
"Tecnologico de Monterrey, Campus Monterrey",https://drive.google.com/uc?id=1d-qTlxL6DrpqehkyI_Br1taQTt0-UTKK,Mexico,mx
Tennessee Technological University,https://drive.google.com/uc?id=1pvcK0DkR6YoPV1NgBQRSoecthFMmE-z8,United States,us
The Australian National University (ANU),,Australia,au
The Hague University of Applied Sciences,https://drive.google.com/uc?id=1hxjX9kIUhsX91IvYsWsyh-O52tShngG_,Netherlands,nl
The University of Sheffield,https://drive.google.com/uc?id=1hxjX9kIUhsX91IvYsWsyh-O52tShngG_,United Kingdom,gb
The Universiy Of Sheffield,https://drive.google.com/uc?id=1hxjX9kIUhsX91IvYsWsyh-O52tShngG_,United Kingdom,gb
Tianjin University,https://drive.google.com/uc?id=12vKlh3bPbWlnHjrvtEMkGFuJrJxXeRCC,China,cn
Tilburg University,https://drive.google.com/uc?id=12vKlh3bPbWlnHjrvtEMkGFuJrJxXeRCC,Netherlands,nl
Tohoku University,https://drive.google.com/uc?id=1zij5ttxVIy1d_2oaVmjVLTrw8LN57VjT,Japan,jp
Toronto Metropolitan University,https://drive.google.com/uc?id=1advwzdbM5rjuE2tS184EF61JuEu5b2yS,Canada,ca
Toyo University,https://drive.google.com/uc?id=1advwzdbM5rjuE2tS184EF61JuEu5b2yS,Japan,jp
Trinity College Dublin,https://drive.google.com/uc?id=1advwzdbM5rjuE2tS184EF61JuEu5b2yS,Ireland,ie
Turku University of Applied Sciences,https://drive.google.com/uc?id=1advwzdbM5rjuE2tS184EF61JuEu5b2yS,Finland,fi
ULB Universite Libre de BRUXELLES,,Belgium,be
UNIVERSITY OF ALICANTE,https://drive.google.com/uc?id=1oAZuANlk_44R50NrjWKSTJScXAas0vx-,Spain,es
UNIVERSITY OF APPLIED SCIENCE OF WKW,https://drive.google.com/uc?id=1advwzdbM5rjuE2tS184EF61JuEu5b2yS,Austria,at
"UNIVERSITY OF APPLIED SCIENCE OF WKW (FACHHOCHSCHULE WIEN, 이하 FH WIEN)",https://drive.google.com/uc?id=1advwzdbM5rjuE2tS184EF61JuEu5b2yS,Austria,at
UNIVERSITY OF TOURS,https://drive.google.com/uc?id=1E-XS0f6P9gNwQsCEwpfbbl7qjoPndzV6,France,fr
UNIVERSITY OF TUEBINGEN,https://drive.google.com/uc?id=1advwzdbM5rjuE2tS184EF61JuEu5b2yS,Germany,de
Umea University,https://drive.google.com/uc?id=11y_QV8iTTJ_5NhVKmMkcZi2LHsaykbfU,Sweden,se
United Kingdom,https://drive.google.com/uc?id=1cqSnUCXOLH-ECDwFO_rcICYj4i1-a9Jn,United Kingdom,gb
Universidad Autonoma de Guadalajara,https://drive.google.com/uc?id=1ukd9manKCx7riRrkCUnzhVMJMlztgFPl,Mexico,mx
Universidad Iberoamericana,https://drive.google.com/uc?id=1SfxhQiw7aBBmccyRMxKj15zSO6YCWHqn,Mexico,mx
Universidad San Francisco de Quito,https://drive.google.com/uc?id=14av0lMPretVkMngj-O0SQOjrAgqp7xvH,Ecuador,ec
Universit?t T?bingen,https://drive.google.com/uc?id=1Ry5GxKTw_0HbuffmxT_yO926A73obtQH,Germany,de
Universita Cattolica del Sacro Cuore,https://drive.google.com/uc?id=1advwzdbM5rjuE2tS184EF61JuEu5b2yS,Italy,it
Universita Iuav di Venezia,https://drive.google.com/uc?id=1IWhTtp2h1RCOvvl5TSXRqbJSIvmvY_ij,Italy,it
Universite Paris Dauphine,,France,fr
Universite catholique de Lille,https://drive.google.com/uc?id=1IWhTtp2h1RCOvvl5TSXRqbJSIvmvY_ij,France,fr
Universite du Quebec a Montreal,https://drive.google.com/uc?id=1IWhTtp2h1RCOvvl5TSXRqbJSIvmvY_ij,Canada,ca
Universite libre de Bruxelles,https://drive.google.com/uc?id=1IWhTtp2h1RCOvvl5TSXRqbJSIvmvY_ij,Belgium,be
University College Dublin,https://drive.google.com/uc?id=1WYcExQWUcNv5IA0VYCSu_Q8ASnPokv__,Ireland,ie
University College London,https://drive.google.com/uc?id=1WYcExQWUcNv5IA0VYCSu_Q8ASnPokv__,United Kingdom,gb
University Tuebingen,https://drive.google.com/uc?id=1JxIn_9gSQj3YZYMVF6yLqyHCal-j5XN6,Germany,de
University at Buffalo,https://drive.google.com/uc?id=1WXWe0nlivP6svSH2a57nwRuyVSHG3DsS,United States,us
University of Alicante,,Spain,es
University of Applied Science,https://drive.google.com/uc?id=1mXfI1tJRl1yyGFCGA77gh0AvXuQp7NKU,Germany,de
University of Applied Science Upper Austria (Wels campus),https://drive.google.com/uc?id=13wSlbPtQpue1trmmGDx0zMdtNyjr96-V,Austria,at
University of Applied Sciences Kufstein,https://drive.google.com/uc?id=17vx9JP5ASUJHPDQTOs-he4kQ_KDZ5AX4,Austria,at
University of Applied Sciences Northwestern Switzerland,https://drive.google.com/uc?id=1HuTgCSM8gxpXP6RT0GHukB7UIGtxl_KA,Switzerland,ch
University of Applied Sciences Upper Austria,https://drive.google.com/uc?id=1wgwy9VUMslcviMzp_v33uMheMFgv1fiG,Austria,at
University of Applied Sciences Upper Austria (Hagenberg Campus),https://drive.google.com/uc?id=1to9-BnBXhcK8-naBIv29gJFj25SGJPOu,Austria,at
University of Applied Sciences Upper Austria (Steyr),https://drive.google.com/uc?id=1zLzEJ0Gw2aXbJRXs0YfL0StKRa-SYmPW,Austria,at
University of Applied Sciences Upper Austria (Wels Campus),https://drive.google.com/uc?id=1Qx828V81sUtoLDJayO-JINYqyg3DsRp,Austria,at
University of Applied Sciences Utrecht,https://drive.google.com/uc?id=1Qx828V81sUtoLDJayO-JINYqyg3DsRp,Netherlands,nl
University of Applied Sciences Wiener Neustadt,https://drive.google.com/uc?id=1w1kXlQurv5cNVDv4MvekdCovC_NxWUtL,Austria,at
University of Applied Sciences of WKW,https://drive.google.com/uc?id=12hHZMtnLLXDSP_iIXqHqAhehVdkzrpbi,Austria,at
"University of Applied Sciences, Worms",https://drive.google.com/uc?id=1M7IUIJqEr-ThQlH25AutfExGUdR8N-3v,Germany,de
University of Arkansas,https://drive.google.com/uc?id=1M7IUIJqEr-ThQlH25AutfExGUdR8N-3v,United States,us
University of Auckland,https://drive.google.com/uc?id=1P8DzVXWTEM90UT0d5qDUGlGokac2xTZ8,New Zealand,nz
University of Barcelona,https://drive.google.com/uc?id=1KmTHXxJbS7VrRAkPJXlqumhOor4CFNh6,Spain,es
University of Basque Country,https://drive.google.com/uc?id=1bp0LvhsA09xqy-rtHjGjypcA4rerHc0D,Spain,es
University of Basque Country (Biscay Campus),https://drive.google.com/uc?id=1t26c2H_RUkHm7vuEJqPCfWx2nTL4ubfx,Spain,es
University of Basque Country (Gipuzkoa Campus),,Spain,es
University of Basque Country (UPV/EHU),https://drive.google.com/uc?id=13g55-FykL20vWWzEdFhMpS2UMhfCATwF,Spain,es
University of Bern,https://drive.google.com/uc?id=1f7vFbEnDZUG1lnLjAjsKSciEqkuZWECt,Switzerland,ch
University of Bristol,https://drive.google.com/uc?id=1FhQ51xO6d0xD2JvnhsMXRiqbnUFtK3ZH,United Kingdom,gb
University of British Columbia,https://drive.google.com/uc?id=1dpzpiGRGtQ-K02sKS7YXZUWQ6s7ktBXP,Canada,ca
"University of California, Berkeley",https://drive.google.com/uc?id=1mkfPZExcCNtbMjRFnZNksIK-5uUDFoLC,United States,us
"University of California, Los Angeles",https://drive.google.com/uc?id=1QcAbOQS0cJSX2Tl--jXe9edZhIGXo8-9,United States,us
"University of California, San Diego",,United States,us
"University of California, Santa Cruz",https://drive.google.com/uc?id=1w97aRiVJV2XkmSn8KMVIYD2tv3Yb2vFt,United States,us
University of Central Lancashire,https://drive.google.com/uc?id=1fF4KREaSy5REmR2bBakRKw-MlIhsXEsv,United Kingdom,gb
University of Colorado Boulder,https://drive.google.com/uc?id=1CMEfO1rB0EYjXDv3kzS9tfI1E0mvDLZ6,United States,us
University of Copenhagen,https://drive.google.com/uc?id=19F0zUm8sebGKx6_2bhcuuzo2lLPj2FtD,Denmark,dk
University of Cyprus,https://drive.google.com/uc?id=1J0KYAVIjeyzqASokCO1pJNmM5KN2yA-a,Cyprus,cy
University of Deusto,https://drive.google.com/uc?id=1JQM11oWoavY__IcKN_DNCieJAwgAa_y7,Spain,es
University of Eastern Finland,https://drive.google.com/uc?id=1VYSBs_pH9NM5nz4Q_YtOS3wr2DNaRwLK,Finland,fi
"University of Eastern Finland, Kuopio campus",https://drive.google.com/uc?id=1VYSBs_pH9NM5nz4Q_YtOS3wr2DNaRwLK,Finland,fi
University of Edinburgh,https://drive.google.com/uc?id=1EYMLD8prPmD3Vetb8LJ8y3HCCihhdUF2,Scotland,gb
University of Erfurt,https://drive.google.com/uc?id=11Qg_ZfIl0Bxs_TqvF9w55qDdGIYeAYah,Germany,de
University of Erlangen-Nuremberg,https://drive.google.com/uc?id=1oDZHhKPBXT37sAOSZTBzIwgyEhKSquYC,Germany,de
University of Gavle,https://drive.google.com/uc?id=18tx6oQ3QEODjSAO54R2MSTDcVKlLA11x,Sweden,se
University of Granada,,Spain,es
University of Groningen,https://drive.google.com/uc?id=1j5fuJzWC1vVzzBpp87nq5lWxxItPwU7X,Netherlands,nl
University of Hawaii at Manoa,https://drive.google.com/uc?id=1j5fuJzWC1vVzzBpp87nq5lWxxItPwU7X,United States,us
University of Helsinki,https://drive.google.com/uc?id=1j5fuJzWC1vVzzBpp87nq5lWxxItPwU7X,Finland,fi
University of Iceland,https://drive.google.com/uc?id=1mCkWxb6cQkpjEZX3eJMDmQ2gnzl7OF5Z,Iceland,is
University of Illinois Springfield,https://drive.google.com/uc?id=1mCkWxb6cQkpjEZX3eJMDmQ2gnzl7OF5Z,United States,us
University of Illinois Urbana-Champaign,https://drive.google.com/uc?id=1mCkWxb6cQkpjEZX3eJMDmQ2gnzl7OF5Z,United States,us
University of Iowa,https://drive.google.com/uc?id=1mCkWxb6cQkpjEZX3eJMDmQ2gnzl7OF5Z,United States,us
University of KwaZulu-Natal,https://drive.google.com/uc?id=1WNkA0uSWocQLMW7gpAjgWojJqxI67GrT,South Africa,za
University of Lapland,https://drive.google.com/uc?id=1v078QOKStOY9sG4e2RZfZKk2aIvPtd4K,Finland,fi
University of Leeds,https://drive.google.com/uc?id=1oCXEGfKMEysLSLoMWQmBGRznB07Wb6gA,United Kingdom,gb
University of Leicester,https://drive.google.com/uc?id=1oCXEGfKMEysLSLoMWQmBGRznB07Wb6gA,United Kingdom,gb
University of Lille,https://drive.google.com/uc?id=1txMbdcyruP9xoc6dCm16hxAAgWMWVNac,France,fr
University of Malaga,https://drive.google.com/uc?id=1txMbdcyruP9xoc6dCm16hxAAgWMWVNac,Spain,es
University of Manchester,https://drive.google.com/uc?id=1txMbdcyruP9xoc6dCm16hxAAgWMWVNac,England,gb
University of Manitoba,https://drive.google.com/uc?id=1txMbdcyruP9xoc6dCm16hxAAgWMWVNac,Canada,ca
University of Massachusetts Boston,https://drive.google.com/uc?id=1EOqMzypmdcTDYsMDgA1APEEQZWKR5m3,United States,us
University of Melbourne,https://drive.google.com/uc?id=1EOqMzypmdcTDYsMDgA1APEEQZWKR5m3,Australia,au
University of Minnesota,https://drive.google.com/uc?id=1pxlTOJEooYRPqGAGi7Nj0_A5TwDN7ifz,United States,us
University of New South Wales,https://drive.google.com/uc?id=1ItqV2xq8PuM25mFx2_hVq7tuwva-leQa,Australia,au
University of Newcastle,https://drive.google.com/uc?id=1ZMiZCJMGmbw9Pj4GTggpHqX2yNYlTMKf,Australia,au
University of North Carolina at Chapel Hill,https://drive.google.com/uc?id=1ZMiZCJMGmbw9Pj4GTggpHqX2yNYlTMKf,United States,us
University of North Carolina at Greensboro,https://drive.google.com/uc?id=1ZMiZCJMGmbw9Pj4GTggpHqX2yNYlTMKf,United States,us
University of North Florida,https://drive.google.com/uc?id=1ZMiZCJMGmbw9Pj4GTggpHqX2yNYlTMKf,United States,us
University of Nottingham,https://drive.google.com/uc?id=1ZMiZCJMGmbw9Pj4GTggpHqX2yNYlTMKf,United Kingdom,gb
University of Nottingham Ningbo China,https://drive.google.com/uc?id=1ZMiZCJMGmbw9Pj4GTggpHqX2yNYlTMKf,China,cn
University of Oklahoma,https://drive.google.com/uc?id=1lK_FsMDA_TQBXIc7ZHRMV86QRPwDWrpz,United States,us
University of Oslo,https://drive.google.com/uc?id=1qHjz-dNfZA8rNd4FPjGYbDCNJsP5WgjV,Norway,no
University of Pecs,https://drive.google.com/uc?id=1qHjz-dNfZA8rNd4FPjGYbDCNJsP5WgjV,Hungary,hu
University of Pittsburgh,https://drive.google.com/uc?id=1qHjz-dNfZA8rNd4FPjGYbDCNJsP5WgjV,United States,us
University of Quebec at Montreal,https://drive.google.com/uc?id=1t6F7zUOSzktqScgw5fZvqhIZFXRyeyt,Canada,ca
University of Reading,https://drive.google.com/uc?id=1t6F7zUOSzktqScgw5fZvqhIZFXRyeyt,England,gb
University of Roehampton,https://drive.google.com/uc?id=1t6F7zUOSzktqScgw5fZvqhIZFXRyeyt,United Kingdom,gb
University of Rostock,https://drive.google.com/uc?id=1t6F7zUOSzktqScgw5fZvqhIZFXRyeyt,Germany,de
University of Sao Paulo,https://drive.google.com/uc?id=1t6F7zUOSzktqScgw5fZvqhIZFXRyeyt,Brazil,br
University of Saskatchewan,https://drive.google.com/uc?id=1t6F7zUOSzktqScgw5fZvqhIZFXRyeyt,Canada,ca
University of Sheffield,https://drive.google.com/uc?id=1t6F7zUOSzktqScgw5fZvqhIZFXRyeyt,United Kingdom,gb
University of South Carolina,https://drive.google.com/uc?id=1t6F7zUOSzktqScgw5fZvqhIZFXRyeyt,United States,us
University of Southern Denmark,https://drive.google.com/uc?id=1SKCrxKbpcKsTrVAhTqkZCJXlQy8fCZJ5,Denmark,dk
University of Tampere,https://drive.google.com/uc?id=1SKCrxKbpcKsTrVAhTqkZCJXlQy8fCZJ5,Finland,fi
University of Technology of Troyes,https://drive.google.com/uc?id=1SKCrxKbpcKsTrVAhTqkZCJXlQy8fCZJ5,France,fr
University of Texas at Austin,https://drive.google.com/uc?id=1SKCrxKbpcKsTrVAhTqkZCJXlQy8fCZJ5,United States,us
University of Texas at Dallas,https://drive.google.com/uc?id=1kIyQRWk4FX6DlcQpxWLWapyrSDftI_a,United States,us
University of Tours,https://drive.google.com/uc?id=1kIyQRWk4FX6DlcQpxWLWapyrSDftI_a,France,fr
University of Tuebingen,https://drive.google.com/uc?id=1JxIn_9gSQj3YZYMVF6yLqyHCal-j5XN6,Germany,de
University of Utah,https://drive.google.com/uc?id=1JxIn_9gSQj3YZYMVF6yLqyHCal-j5XN6,United States,us
University of Vaasa,https://drive.google.com/uc?id=1nAxpL3Tl4bHmFUsDaoxxAKUuUfmkfXQm,Finland,fi
University of Verona,https://drive.google.com/uc?id=1nAxpL3Tl4bHmFUsDaoxxAKUuUfmkfXQm,Italy,it
University of Washington,https://drive.google.com/uc?id=1nAxpL3Tl4bHmFUsDaoxxAKUuUfmkfXQm,United States,us
University of Western Australia,https://drive.google.com/uc?id=1riC51YNhjVvgLrv0uynIKKkV_3P7W0vN,Australia,au
University of Wollongong,https://drive.google.com/uc?id=1riC51YNhjVvgLrv0uynIKKkV_3P7W0vN,Australia,au
University of Wyoming,https://drive.google.com/uc?id=1riC51YNhjVvgLrv0uynIKKkV_3P7W0vN,United States,us
University of the Basque Country,https://drive.google.com/uc?id=1riC51YNhjVvgLrv0uynIKKkV_3P7W0vN,Spain,es
University of the Sacared Heart,https://drive.google.com/uc?id=1JitObbzRUYjrs5VKPPll8I3B5Sy9fy5H,Japan,jp
University of the Sunshine Coast,https://drive.google.com/uc?id=1b-kmKJfPpMyRvMiWgQmgmtobSr5MEJ4m,Australia,au
University of the West of England,https://drive.google.com/uc?id=1Eu3ekr-asc7zQXClSQXWbB3VAUUtlqn,United Kingdom,gb
Uppsala University,https://drive.google.com/uc?id=10uHl84FEg_EKHnayggZkYOt_vKPaNgPb,Sweden,se
Ural Federal University,https://drive.google.com/uc?id=1rrCXM-M6W5XpQ0_r2v7FIo5uSugo0qEO,Russia,ru
Ural State University,https://drive.google.com/uc?id=1l77eeabRYAoiyx21nf2ws9m7zTZZLM3w,Russia,ru
Utrecht University,https://drive.google.com/uc?id=1fowcu3w8wkAf6hgkDVo1uDuKZXfqMLd1,Netherlands,nl
Vilnius University,https://drive.google.com/uc?id=1fowcu3w8wkAf6hgkDVo1uDuKZXfqMLd1,Lithuania,lt
Vorarlberg University of Applied Sciences,https://drive.google.com/uc?id=1fowcu3w8wkAf6hgkDVo1uDuKZXfqMLd1,Austria,at
Vrije Universiteit Amsterdam,https://drive.google.com/uc?id=1CANiNuQTBOFf9EFgIIiom2VikptvJsuv,Netherlands,nl
Vrije University,https://drive.google.com/uc?id=1CANiNuQTBOFf9EFgIIiom2VikptvJsuv,Netherlands,nl
Vytautas Magnus University,https://drive.google.com/uc?id=1oBmPRbE1jsU4aNJzFZiaI-TGXcUvyLe9,Lithuania,lt
Warsaw School of Economics,https://drive.google.com/uc?id=1oBmPRbE1jsU4aNJzFZiaI-TGXcUvyLe9,Poland,pl
Waseda University,https://drive.google.com/uc?id=1MtBlyl-Dwp4vc-lO2uu6IwEnOnM2Yfgo,Japan,jp
Washington State University,https://drive.google.com/uc?id=1MtBlyl-Dwp4vc-lO2uu6IwEnOnM2Yfgo,United States,us
Western Illinois University,https://drive.google.com/uc?id=1MtBlyl-Dwp4vc-lO2uu6IwEnOnM2Yfgo,United States,us
Worms University of Applied Sciences,https://drive.google.com/uc?id=1ftgEerdzJIm_R_CUImceKdOR9xzQ9E9e,Germany,de
Xi'an Jiaotong University,https://drive.google.com/uc?id=1ftgEerdzJIm_R_CUImceKdOR9xzQ9E9e,China,cn
York St John University,https://drive.google.com/uc?id=1ftgEerdzJIm_R_CUImceKdOR9xzQ9E9e,United Kingdom,gb
York University,,Canada,ca
Zagreb School of Economics and Management,https://drive.google.com/uc?id=11IS6U7dlCUhIVRCQZ0lyIKQaGClhZBQV,Croatia,hr
Zagreb school of economics and management,https://drive.google.com/uc?id=11IS6U7dlCUhIVRCQZ0lyIKQaGClhZBQV,Croatia,hr
Zurich University of Applied Sciences,https://drive.google.com/uc?id=11IS6U7dlCUhIVRCQZ0lyIKQaGClhZBQV,Switzerland,ch
École centrale d'électronique,,France,fr
