name,data
Aalborg University,"Aalborg University는 덴마크 북부 지역에 위치한 대학으로, 창의적인 학습 방법과 실전 중심의 교육 프로그램을 제공하는 대학이다."
American University,"미국의 워싱턴DC에 위치한 American University는 세계적인 국제관계 및 정치학 전공으로 유명하며, 활발한 국제적인 학술연구와 취업 기회를 제공합니다."
"American University (2017-2: WSP, 2018-1: AU Abroad)","미국 디시 지역에 위치한 아메리칸 대학으로, 국제적인 다양성과 높은 진학률을 자랑한다."
American University (WSP),"미국의 워싱턴 D.C. 중심가에 위치하며, 현대적인 시설과 교육 프로그램, 유연한 학위 옵션 및 다양한 문화 교류 활동을 제공하는 대학이다."
Aoyama Gakuin University,"Aoyama Gakuin University는 일본 도쿄에 위치하며, 교육과 연구에 대한 열정과 국제화, 인문학, 비즈니스 분야의 강점으로 유명합니다."
Arizona State University,"Arizona State University는 미국 애리조나에 위치하며, 규모와 다양성이 풍부한 공립 대학으로, 우수한 학사 프로그램과 창의적인 연구 기회를 제공합니다."
Arkansas State University,"아칸소우 주 존슨시티에 위치하며, 교육 및 연구 분야에서 규모와 수준이 높은 대학이다."
Aston University,"Aston 대학교는 영국 미드랜드 지역의 버밍엄에 위치하며, 비즈니스, 공학, 사회과학 분야에서 강력한 교육 및 연구 역량을 보유한 프리스티지 대학입니다."
Audencia Business School,"Audencia Business School은 프랑스 남서쪽에서 가장 중요한 도시인 Nantes에 위치한 국제적인 경영 대학이며, 지속 가능성, 산업 혁신 및 국제 비즈니스 분야에 대한 교육 교육과 연구에 대한 전문성을 전문으로 한 학교입니다."
Audencia Nantes School of Management,오드앙스 낭트 경영대학은 프랑스 낭트에 위치하며 국제적인 교육 방식과 산업계와 긴밀한 협력으로 세계적 수준의 경영 인재를 양성합니다.
Australia National University,"오스트레일리아 국립대학교는 캔버라에 위치해 있으며, 우수한 연구 능력과 국제적인 학술 활동을 펼치는 세계적인 대학이다."
Australian National University,"오스트레일리아 국립대학교는 캔버라에 위치한 세계적 수준의 대학으로 대학, 연구 및 지식 전달 분야에서 우수한 성과를 보유하고 있습니다."
Autonomous University of Barcelona,"스페인 카탈루냐 지역 바르셀로나에 위치하며, 스페인어, 카탈로니아어, 영어 등 다양한 언어로 수업을 진행하는 유럽 최고의 대학 중 하나이다."
Autonomous University of Madrid,Autonomous University of Madrid은 스페인 마드리드에 있는 자율 대학으로 교육과 과학 분야에서 저명합니다.
BEM Management School,"BEM Management School은 프랑스 파리에 위치한 경영 대학으로, 국제적인 교육, 취업 지원 및 산업계와의 협력을 강조하며 학생들의 창의성과 리더십을 발전시키는 데 초점을 둔다."
Beijing Institute of Technology,"베이징에 위치하며, 군사기술과 과학기술 분야에서 우수한 연구 및 교육 성과를 가진 대학."
Beijing Normal University,"베이징 노멀 대학교는 중국의 수도인 베이징에 위치하며, 교육과 thecnology 분야에서 국제적인 학술 연구 선도 대학 중 하나이다."
Berlin School of Economics,"베를린 경제 대학교는 독일 베를린에 위치하고 있으며, 경제, 경영, 관리, 회계, 인사관리 등과 관련된 교육과 연구를 주력으로 하는 대학교입니다."
Berlin School of Economics and Law,"베를린 경제 법학 대학은 베를린에 위치하며, 비즈니스 관련 전문 교육을 제공하는 특징이 있습니다."
Berlin School of Economics and Law Schoneberg Campus,베를린 경제법 대학교 쇼네베르크 캠퍼스는 도시 중심부에 위치하며 경제와 사법 분야에 특화된 학교입니다.
Berlin University of Applied Sciences and Technology,베를린 응용과학기술대학교는 도시 중심가에 위치하며 실용적인 과학기술교육과 산업협력에 중점을 둔 대학입니다.
Birmingham City University,"버밍엄 시티 대학교는 영국 버밍엄에 위치하며, 그녀의 전통적인 의무교육, 산업 연계 연구 및 다양한 국제적인 프로그램으로 유명합니다."
Boise State University,"보이시 주립 대학교는 아이다호주 보이시 시내에 위치하며, 야외 스포츠 시설, 예술 단체, 연구 및 교육 기회를 제공하는 대학교입니다."
Bordeaux ecole de management(현 Kedge business school),"보르도에 위치한 경영 전문 대학으로, 국제적으로 인정받는 전략, 인사관리, 마케팅 등의 교육 분야에서 우수한 평가를 받고 있습니다."
Bosphorus University,"보스포러스 대학교는 터키 이스탄불에 위치하며, 유럽과 아시아 대륙을 연결하는 보스포러스 해협을 바라보고 있는 세계적인 대학교입니다."
CBS International Business School,"CBS International Business School은 독일 프랑크푸르트에 위치하며, 국제적으로 인정받는 교육 프로그램과 강력한 취업 지원 시스템을 가진 비즈니스 학교입니다."
CLARKSON UNIVERSITY,클락슨 대학교는 미국 뉴욕 주 북부에 위치하며 공학 및 경영 분야에 강점이 있는 언더그래듣 대학교입니다.
Ca' Foscari University of Venice,"카 포스카리 베네치아 대학은 이탈리아 베네치아에 위치하며 인문과학, 경제 및 비즈니스 분야의 교육과 연구를 중점적으로 추구하는 선구적인 대학입니다."
California State University San Marcos,캘리포니아 주립 대학교 샌 마르코스 캠퍼스는 남쪽 캘리포니아에 위치하며 학생 중심의 학습 환경과 다양한 과목 제공으로 유명하다.
"California State University, Long Beach","캘리포니아 주립 대학교 롱비치 캠퍼스는 로스앤젤레스에서 남쪽으로 약 30분 떨어져 있으며, 바다와 인접한 캠퍼스로 해외 유학생들이 많이 찾는 대학교입니다."
Catholic University of Lille,"카톨릭 리옹 대학은 프랑스의 릴에 위치한 교육 및 연구를 위한 카톨릭 대학으로, 종교적인 가치를 기반으로 지식을 전달하며 사회에 기여합니다."
Catholic University of the Sacred Heart,"카톨릭 신생 대학은 이탈리아 밀라노에 위치하며, 교육, 연구, 사회발전을 위해 종교적 가치와 사랑의 정신을 중요시하는 대학이다."
Charles University,"체코 프라하에 위치하며, 세계에서 가장 오래된 대학 중 하나로 교육의 전통과 역사가 높은 대학이다."
Chemnitz University of Technology,켈른치 대학교는 독일의 동부 지역에 위치하며 과학과 공학 분야에서 선두적인 학술 역량을 보유하고 있습니다.
Chiba University,"일본의 도시인 Chiba에 위치해 있는 Chiba University는 대학원 캠퍼스와 산업대학원을 갖춘 국립 대학으로, 과학공학 분야에서 탁월한 교육과 연구를 진행하고 있다."
Chinese University of Hong Kong,"중국 홍콩 대학교는 중국 영토 내에 있으며, 교육 및 연구 분야에서 세계적인 평가를 받고 있는 대학이다."
Chuo University,"Chuo University는 일본 도쿄에 위치하며, 교육이론과 실무 등 다양한 분야에서 폭넓은 교육을 제공하는 대학입니다."
City University of Hong Kong,시티 유니버시티는 홍콩에 위치하며 교육 질이 높은 대학으로 유명합니다.
Clarkson Univeristy,"클락슨 대학교는 뉴욕 주 북쪽에 위치하며, 공학 분야에서 역량이 높은 프로그램을 갖춘 기술 중심 대학이다."
Clarkson University,클락슨 대학교는 뉴욕주 북부에 위치하며 공학 분야의 교육과 연구에 강점이 있는 대학교입니다.
College of Charleston,"컬리지 오브 찰스턴은 남쪽해안 풍경과 역사적인 건축물들로 인상적인 도시 찰스턴에 위치한 공립 대학으로, 교육적 혁신과 문화적 다양성을 추구하여 그 창의성과 열정적인 학생들로 유명합니다."
Columbia University,"컬럼비아 대학교는 뉴욕에 위치한 세계적인 거점 대학으로, 학문의 전반적인 분야에서 선두적인 위치를 갖추고 있습니다."
Copenhagen Business Academy,"코펜하겐 비즈니스 아카데미는 덴마크 코펜하겐에 위치하며, 학생 중심의 혁신적인 교육과 직업 준비에 중점을 두고 있습니다."
Copenhagen University College of Engineering,"코펜하겐 대학교 공과대학은 디자인, 캐드, 건축, 전기, 기계 등 다양한 분야에서 유능한 엔지니어를 양성하는 학교로, 덴마크 코펜하겐에 위치해 있다."
Czech Technical University in Prague,체코 기술대학 프라하 캠퍼스는 프라하 중심지에 위치하며 기술 및 공학 분야에서 국제적으로 선도하는 대학입니다.
Daito Bunka University,"다이토 분카 대학교는 일본 시부야시에 위치하며, 경영 및 디자인 관련 학과가 유명한 대학교이다."
ECOLE SUPERIEUR DE COMMERCE INTERNATIONAL DE PAS DE CALAIS,"ECOLE SUPERIEUR DE COMMERCE INTERNATIONAL DE PAS DE CALAIS는 프랑스의 팡드칼레 지역에 위치한 국제상업 전문 대학으로, 국제비지니스 및 글로벌 마케팅 분야에서 교육 프로그램을 제공합니다."
EDHEC Business School,"EDHEC Business School은 프랑스의 리옹과 남부 지역에 위치한 세계적인 경영대학으로, 글로벌 경영 교육과 혁신적인 연구에 특화되어 있습니다."
EPF School of Engineering,"EPF School of Engineering은 프랑스에서 파리와 리옹 중간지점인 사네(Saint-Etienne)에 위치한 공대로, 산업 디자인 분야에서 우수한 평판을 가지고 있습니다."
ESADE Business School,"ESADE Business School은 스페인 바르셀로나에 위치한 세계적으로 인정받는 경영 대학으로, 진보적인 경영교육과 국제적인 망을 가지고 있습니다."
Ecole de Management Leonard De Vinci,"Ecole de Management Leonard De Vinci는 파리 외곽의 라 드페갈(Râle Diètre)에 위치하며, 과학, 예술 및 경영 분야의 교육 프로그램을 제공합니다."
Edith Cowan University,"Edith Cowan University는 호주 서부 페스티벌시에서 위치하며, 교육과 연구에 중점을 둔 혁신적인 대학으로서 산업 협력 및 비즈니스 역량 강화에 초점을 두고 있다."
Elon University,"엘론 대학교는 북카롤라이나 주에 위치하며, 높은 학술적 수준과 국제화, 사회봉사 등을 강조하는 리버럴 아츠 대학이다."
Emlyon Business School,"Emlyon Business School은 프랑스 리옹에 위치한 세계적인 경영대학으로, 국제적인 학생들과 협업 프로그램을 제공하며 산업계와 긴밀한 파트너쉽을 갖고 있습니다."
Engineering College of Copenhagen,코펜하겐 공학 대학은 덴마크 코펜하겐에 위치하며 혁신적이고 실용적인 공학 교육과 연구를 중심으로 합니다.
Enhancing Science Courses by Integrating Python,"""파이썬을 통합하여 과학 과목을 향상시키는 방법으로 사용되며, 웹 기반 인터페이스와 시각화 기능이 강점이다."""
Erasmus University Rotterdam,"에라스무스 대학교는 네덜란드의 로테르담에 위치한 대학으로 경영학, 경제학, 의학 분야에서 세계적인 평판을 가지고 있습니다."
European University of Madrid,"유럽 대학교는 마드리드에 위치하며 국제적인 교육과 연구, 혁신적인 교육 방법 등을 특징으로 갖는 대학이다."
FH Campus Wien,"FH Campus Wien은 오스트리아 비엔나에 위치한 실용대학으로, 산업 관련 전공 분야를 강점으로 하는 학교입니다."
FH Kufstein,FH Kufstein은 오스트리아의 쿠프슈타인에 위치한 경영학과 관광학을 중심으로 한 유능한 대학이다.
FHWien of WKW,"FHWien of WKW는 오스트리아의 수도인 비엔나에 위치한 비즈니스 및 관리 관련 대학으로, 실무 중심의 교육과 산업체 중심의 연구를 바탕으로 새로운 비즈니스 모델을 연구합니다."
Fachhochschule Worms University of Applied Sciences,"독일 바덴-바덴주에 위치한 직업 대학으로, 경제, 관광, 호텔 매니지먼트 등 분야에서 교육 및 연구를 수행한다."
"Faculty of Economics and Business, University of Zagreb","자그레브 대학교 경제경영학부는 자그레브 시내에 위치하며, 경제 및 비즈니스 관련 다양한 학과가 있다."
Fairleigh Dickinson University,"Fairleigh Dickinson University는 미국 뉴저지 주에 위치하며, 국제 학생들을 위한 학교로 전 세계에서 다양한 문화를 경험할 수 있는 교육을 제공합니다."
Fairleigh Dickinson University (Vancouver Campus),페어리 딕킨슨 대학교 밴쿠버 캠퍼스는 캐나다 브리티시컬럼비아주에 위치하며 국제적인 학생들과 다양한 전공 프로그램을 제공하는 대학입니다.
Florida Gulf Coast University,"플로리다 주 서부에 위치하며, 해변가가 인기 있는 캠퍼스로 유명한 대학입니다."
Florida International University,플로리다 국제 대학교는 마이애미의 중심에 위치하며 국제 교육과 연구를 중요시하는 대학으로 유명합니다.
Florida State University,"Florida State University는 미국 플로리다 주 탤러하시(Tallahassee)에 위치하며, 우수한 교육과 연구에 중점을 둔 대표적인 공립 대학교이다."
Fontys University of Applied Sciences,"Fontys 대학은 네덜란드에 위치한 응용 과학 대학으로, 캠퍼스는 에인트호번, 힐베르슘, 베넨드레흐트, 테일버그 및 베노오이스 등 다양한 도시에 분포되어 있습니다."
Fontys University of Applied Sciences (Eindhoven),"폰티스 응용 과학 대학교는 에인트호벤에 위치하며, 혁신적이고 실용적인 교육과 산업 협력을 강조하여 학생들의 실무 능력을 키우는 대학입니다."
Fontys University of Applied Sciences (Tilburg),"Fontys University of Applied Sciences는 네덜란드 Tilburg에 위치하며, 학사와 직업교육 학위 과정을 제공하는 대학입니다."
Fontys University of Applied Sciences (Venlo),"Fontys University of Applied Sciences (Venlo)는 네덜란드의 Venlo에 위치한 응용 과학 대학으로, 가장 효과적인 학습 경험을 제공합니다."
Fontys university of applied science,"Fontys대학교는 네덜란드에 위치한 응용과학 대학으로, 현실적인 배움과 직장에서 요구하는 기술, 지식, 사고 방식을 중심으로 교육하며, 실제 현업과의 연계를 강조합니다."
Frankfurt School of Finance & Management,"Frankfurt School of Finance & Management은 독일 프랑크푸르트에 위치한 금융 및 경영 교육 전문 대학으로, 유럽을 대표하는 금융 교육기관 중 하나이며 창의적이고 혁신적인 교육을 추구합니다."
Frankfurt University of Applied Sciences,프랑크푸르트 응용 과학 대학은 독일 프랑크푸르트에 위치하며 실용적인 교육과 혁신적인 연구 중심 대학입니다.
Frankfurt school of finance & management,"프랑크푸르트 금융 경영 대학은 독일 프랑크푸르트에 위치한 금융, 경영 분야 전문 대학으로 유럽에서 유수한 대학으로 꼽힘."
Fudan University,"위치는 중국 상하이에 있으며, 국내외에서 가장 명성 높은 대학 중 하나로, 과학기술, 언어, 경제 등 다양한 분야에서 석·박사 교육에 강점이 있는 대학입니다."
Fulda University of Applied Sciences,풀다 응용 과학 대학교는 독일 헤센주에 위치하며 실용적인 교육과 산업과의 긴밀한 협력으로 학생들의 미래 진로를 성장시키는 대학교입니다.
Furtwangen University,"Furtwangen 대학은 독일 남서에 위치한 혁신적인 공과대학으로, 공학, 정보기술 등 분야에서 혁신적인 연구와 교육을 진행하고 있습니다."
George Washington University,"조지 워싱턴 대학교는 워싱턴 D.C.에 위치하여 정치, 국제, 경영 등 다양한 분야에서 깊은 전문성과 글로벌 시각을 가진 교육을 제공하는 명문 대학입니다."
Grenoble Alpes University,"Grenoble Alpes University(그르노블 알프 대학교)는 프랑스 남동부의 그르노블(대륙성 알프스 지역)에 위치하며, 과학 및 기술 분야에서 세계적으로 뛰어난 연구를 수행하는 대학으로 유명하다."
HEC Montreal,"HEC Montreal은 캐나다의 몬트리올에 위치한 경영대학으로 프랑스어로 강의가 진행되며, 글로벌 경영전문가들을 배출하는 국제적인 학교입니다."
HU University of Applied Sciences Utrecht,"HU University of Applied Sciences Utrecht는 네덜란드의 중심지 중 하나인 Utrecht에 위치하며, 혁신적인 교육 방식과 산업과의 협력을 강조하는 대학입니다."
Haaga-Helia University of Applied Sciences,핀란드의 주요 경영학교인 Haaga-Helia 대학은 학생 중심의 교육과 직무 중심의 교육방식으로 유명하며 핀란드의 수도 헬싱키에 위치해 있다.
HafenCity University Hamburg,"하펜시티 대학은 독일 함부르크에 위치한 도시재생 및 도시관리 전공의 대학으로, 유럽 최대의 도시재생 사업인 하펜시티 지구내에 위치해 있다."
Hague University of Applied Sciences,헤이그 응용 과학 대학은 네덜란드 헤이그에 위치하며 국제적인 분위기에서 현실적인 교육과 함께 창의성과 혁신을 중시하는 대학입니다.
Halmstad University,"스웨덴 남부 지역의 해변 도시에 위치한 Halmstad University는 스웨덴에서 가장 발전된 대학 중 하나로, 국제적인 학생들을 유치하며 현지 산업과 연계하여 경영, 공학, 인문 등 다양한 분야에서 교육 및 연구를 이끌어내고 있다."
Hanze University of Applied Sciences,Hanze University of Applied Sciences는 네덜란드 그론잔(Groningen)에 위치한 선진적인 공대 교육을 제공하는 대학입니다.
Hawaii Pacific Univeristy,"하와이 태평양 대학교는 하와이 주에 위치하며, 다양한 국적의 학생들이 다니며 국제적인 분위기를 자랑한다."
Hawaii Pacific University,하와이 태평양 대학교는 하와이에 위치하며 해외 유학 경험을 제공하는 국제적인 대학이다.
Heidelberg University,"하이델베르크 대학교는 독일의 바덴-뷔르템베르크 주에 있는 역사적인 대학으로, 세계적인 연구 및 교육의 중심지입니다."
Higher School of Economics,러시아의 모스크바에 위치한 고등 교육 기관으로 경제학 및 사회과학 분야에서 세계적인 평가를 받는 대학입니다.
Higher Technical School of Architecture of Madrid,"마드리드 고등 기술 건축학교는 마드리드에 위치하며, 고급 건축 학위를 제공하는 선도적인 교육 기관입니다."
Hitotsubashi University,"일본 도쿄에 위치한 초교류 대학으로 경제학, 경영학 분야에서 세계적인 평가를 받는다."
Hochschule Furtwangen University,Hochschule Furtwangen University는 독일의 남서부에 위치하며 공학 및 경영 분야를 중점적으로 교육하고 있습니다.
Hochschule Osnabrueck,"독일의 Hochschule Osnabrueck은 도시 중심부에 위치하며 기술, 경영, 예술 등 다양한 학과와 국제 교환 프로그램을 지원하는 대학입니다."
Hof University,"독일 바이에른주 Hof에 위치한 대학으로, 공학과 경영학을 중심으로 교육과 연구를 수행하며 산업계와 긴밀한 협력을 맺고 있다."
Hokkaido University,"Hokkaido University는 일본의 북부에 위치하며, 일본 최초의 대학인 만큼 긴 역사와 세계적인 학술적 수준을 갖춘 대학이다."
Hong Kong Baptist University,홍콩에 위치하며 기독교 정신을 바탕으로 친환경적이고 교육적인 환경을 제공하는 대학입니다.
Hong Kong University of Science and Technology,"홍콩 과학기술대학은 홍콩에 위치하며, 전문적이고 기술 중심적인 교육과 연구를 수행하는 대학입니다."
Hongkong University of Science and Technology(HKUST),"홍콩과 근접한 신도시인 클리어 워터 베이에 위치하며, 대학 랭킹에서 국제적으로 상위권을 차지하는 공과대학으로서 과학과 기술 분야에서 높은 국제적 평가를 받고 있음."
Huazhong University of Science and Technology,"중국의 후베이성에 위치한 대학으로, 과학기술 분야에서 전국적인 명성을 가진 공립 대학이다."
ICHEC Brussels Management School,"ICHEC Brussels Management School은 벨기에 브뤼셀에 위치하며, 경영 분야에서 유럽 내 최고 수준의 교육과 연구를 제공하는 학교입니다."
ICN Business School,"ICN Business School은 프랑스 남부 지역에 위치하며, 국제적인 학문적 환경과 산업계와의 긴밀한 협력 관계를 가지고 있습니다."
IE University,"IE 대학교는 스페인 마드리드와 세고비아에 위치한 국제적인 대학교로서, 이론과 현실을 결합한 교육프로그램과 다양한 전공분야와 유학 경험을 제공합니다."
IESEG School of Management,"IESEG School of Management은 프랑스 파리 근교의 라일-안틸리에에 위치한 세계적 수준의 경영 대학교로, 국제적인 교육 방식과 업계와의 긴밀한 협력을 바탕으로 깊은 전문 지식과 리더십 능력을 갖춘 비즈니스 리더를 양성합니다."
INSEEC (ECE LYON),"INSEEC (ECE LYON)은 프랑스 리옹에 위치한 선도적인 경영대학으로, 국제적인 교육환경과 산업계와의 강력한 네트워크를 가진다."
INSEEC BUSINESS SCHOOL,"INSEEC BUSINESS SCHOOL은 프랑스와 모나코에 위치하며, 나아가 국제적인 전문 경영 대학교로 인정받는다."
INSEEC Business School,"INSEEC Business School은 프랑스의 보르도, 판테르누-아도르, 리옹, 파리에 위치한 비즈니스 스쿨로, 국제적인 교육과 경험을 제공합니다."
INSEEC Business School (Bordeaux),"INSEEC Business School (보르도)는 프랑스 보르도에 위치한 세계적인 경영학교로, 높은 교육 수준과 취업 기회를 제공합니다."
INSEEC Business School (Paris),"INSEEC Business School (Paris)은 파리에 위치한 비즈니스 스쿨으로, 비즈니스 분야에서 광범위한 교육과 취업 기회를 제공한다."
ISCID-CO,"ISCID-CO는 인도네시아의 자바 섬 중심부에 위치하며, 사무실 내에 연구소를 갖추고 인공지능 분야의 연구 개발을 주로 수행하는 조직입니다."
Indiana University,"인디애나 대학교는 미국 인디애나주에 위치하며, 미국 최대의 규모를 자랑하는 사립 대학 중 하나이며 연구 중심의 교육 철학을 가지고 있다."
Indiana University Bloomington,"인디애나 대학교 블루밍턴 캠퍼스는 미국 인디애나주에 위치하며, 역사와 예술, 경영, 공학 등 다양한 분야의 교육을 제공하는 대학으로 유명하다."
"Indiana University, Kelley School of Business",인디애나 대학교 켈리 경영대학은 미국 인디애나주에 위치하며 경영분야에서 세계적인 명성과 평판을 가진 대학입니다.
Inholland University applied science,"인홀랜드 대학은 네덜란드에 위치한 응용과학 대학으로, 실질적이고 사례 중심의 교육, 실제 세계적인 문제에 대한 협력적 연구, 지속 가능한 개방적 공동체에 집중하며, 학생들이 실제 산업에서 경험을 쌓을 수 있는 역량 기반 교육을 제공합니다."
Inholland University of Applied Sciences,"인홀란드 응용과학대학교는 네덜란드 남서부 지역에 위치하며, 적극적인 실습 경험과 산업협력으로 학생들의 미래 진로에 도움을 주는 대학입니다."
Institut national des langues et civilisations orientales,"Institut national des langues et civilisations orientales은 파리에 위치하며, 아시아와 아프리카의 언어와 문명을 연구하는 국립 대학이다."
Institut superieur du commerce de Paris,파리에 위치한 경영대학으로 유럽 내 최고 수준의 경영교육을 제공한다.
Irkutsk National Research Technical University,이르쿠츠크 국립공과대학교는 시베리아에 위치하며 고급공대로 잘 알려져 있다.
Jean Moulin University Lyon 3,"장 무랭 리옹 3 대학은 프랑스 리옹에 위치하며 인문학, 법학, 경영학 등의 교육 분야에서 강점을 가지고 있습니다."
Jilin University,"지린 대학교는 중국 최초의 천체 물리학 전공을 갖춘 국립 대학교로, 중국의 주요 대학교 중 하나로 지리적으로 동북 지방에 위치한다."
KEDGE Business School,KEDGE Business School은 프랑스의 보르도와 마르세유에 위치하며 국제적인 시각과 현실적인 문제해결 능력을 갖춘 인재를 양성하는 경영대학교이다.
KIMEP,"KIMEP은 카자흐스탄 알마티에 위치한 국제적인 대학으로, 위대하고 독립적인 교육을 제공하며 카자흐스탄과 중앙아시아에서 가장 혁신적인 대학 중 하나이다."
Kajaani University of Applied Sciences,카야니 응용 과학 대학교는 핀란드 북동부 지역에 위치하며 실무 중심의 학사 프로그램을 제공합니다.
Katholieke Universiteit Leuven,"Katholieke Universiteit Leuven은 벨기에의 루븐에 위치하며, 유럽에서 가장 오래된 대학 중 하나이며, 세계적으로 평가받는 연구 중심 대학입니다."
King's University College (University of Western Ontario),"온타리오주 런던에 위치한 킹스 유니버시티 컬리지는 서부 온타리오 대학교의 자회사로서, 예술, 인문학 및 사회과학 분야에 특화된 학교입니다."
Kingston University,"킹스턴 대학교는 런던 남서쪽에 위치하며 다양한 학제 분야를 보유한 국제적인 대학으로, 창의적이고 혁신적인 교육 품질을 강조하고 있습니다."
King’s College London,"킹스 컬리지 런던은 영국의 대학으로 유럽 최고의 대학 중 하나로 꼽히며, 런던 시내에 위치하고 있습니다."
Kobe University,"코베 대학교는 일본 교토현 코베시에 위치하며, 오랜 역사와 전통, 높은 학문적 수준과 우수한 교육 시설을 자랑하는 대학이다."
Kyushu University,"Kyushu University는 일본의 Fukuoka 시에 위치하며, 첨단 기술 연구와 교육에 집중한 전통있는 대학이다."
LUT University,"LUT 대학은 핀란드 남동부에 위치해 있으며, 공학과 경영 분야에서 높은 교육 수준과 협력적인 사회적 환경으로 유명합니다."
La Rochelle University,라 로셀 대학은 프랑스의 라 로셀 시에 위치한 대학으로 해양과 환경 분야의 전문 센터를 갖추고 있습니다.
Lanzhou University,"란저우 대학교는 중국 란저우에 위치하며, 중국의 명문 대학교로서 전통과 역사가 깊고 학문적인 수준이 높은 특징을 가지고 있다."
Lappeenranta Univeristy of Technology,"라피안란타 대학교는 핀란드의 동남부에 위치하며, 신재생 에너지 및 지속 가능한 기술 연구 분야에서 세계적인 선두 주자로 꼽힌다."
Leiden University,"Leiden University는 네덜란드에 위치한 최고 수준의 대학으로, 역사, 법, 생물학, 의료, 심리학 등의 분야에서 세계적으로 유명한 연구와 교육을 제공합니다."
Leonardo da Vinci University Center,"Leonardo da Vinci University Center는 멕시코의 메콩주에 위치한 대학으로 과학기술, 예술 및 인문학 분야의 교육과 연구를 중심으로 한 교육기관입니다."
Leuphana Universitaet Lueneburg,"Leuphana Universitaet Lueneburg은 독일 하노버의 북동쪽에 위치한 대학으로, 지속가능한 개방적인 교육 방식으로 유명하다."
Leuphana University,"Leuphana 대학교는 독일 하노버의 남쪽에 위치하며, 문과 예술 강점을 가지고 있는 제도형 대학교입니다."
Leuphana University of Luneburg,"Leuphana 대학교는 독일 루네부르크에 위치하며, 문과학, 경제학, 사회과학, 법학 등의 분야지식과 산업 혁신, 국제협력 등의 프로젝트 경험을 통합적으로 제공하는 융합 교육을 중시합니다."
Lille Catholic University,릴 가톨릭 대학교는 프랑스 릴에 위치하며 가톨릭 교육 기반으로 과학·인문·예술 등 폭넓은 분야의 교육을 제공합니다.
Lille Catholic University ( I?SEG ),"리옹에 위치한 ISEF는 프랑스에서 가장 큰 카톨릭 대학이며 경제, 금융, 건축, 디자인 등 다양한 전공분야에서 유수한 교수진들과 함께 교육하고 있습니다."
Linkoping University,"Linkoping University는 스웨덴의 도시 Linkoping에 위치한 국립 대학으로, 공학 분야에서 세계적인 평가를 받는 대학입니다."
Linnaeus University,"린너우스 대학교는 스웨덴 남부에 위치한 세이머란드 지역의 주요 대학교로, 환경학, 공학, 경제학 등의 전공 분야에서 우수한 교육 프로그램을 제공합니다."
London College of Fashion,"런던에 위치한 패션 전문 대학으로, 전 세계적으로 유명하며 유럽 최대 규모의 패션 도서관을 보유하고 있다."
Lucerne University of Applied Sciences and Arts,"루체른 응용과학대학교는 스위스 루체른에 위치하며, 실용적인 교육과 연구를 중시하는 대학으로 유명합니다."
MCI Management Center Innsbruck,"MCI Management Center Innsbruck는 오스트리아의 인스브루크에 위치한 리더십과 경영 교육 전문 대학으로 인터내셔널한 교육환경, 실습 프로그램, 유사업계 인프라 등을 갖춘 대학이다."
MONTANA STATE UNIVERSITY,"몬타나 주 보즈맨에 위치하며 자연환경과 농업, 과학 기술 분야를 중심으로 높은 수준의 교육과 연구를 강화하는 대학이다."
MOSCOW NATIONAL COLLEDGE RUSSIAN LANQUAGE,"모스크바 국립 대학교내에 위치하며, 러시아어를 전공할 수 있는 곳입니다."
Maastricht University,네덜란드 남부의 Maastricht에 위치한 Maastricht University는 유럽적 국제적인 교육 경험을 제공하는 세계적 수준의 대학.
Mainz University of Applied Sciences,"마인츠 응용 과학 대학교는 독일 마인츠에 위치한 공과 대학으로, 실용적인 교육과 산업 협력으로 유명합니다."
Mainz university of Applied science(Hochschule Mainz),"Mainz University of Applied Science(Hochschule Mainz)은 독일 마인츠에 위치하며, 공학, 경영, 정보 기술 등 학문 분야에 중점을 두고 교육하는 고등 교육 기관입니다."
Major University,"Major University는 미국의 세 번째 대도시인 시카고에 위치하며, 교육과 연구를 중시하는 대학으로 유명합니다."
Masaryk University,"마사릭 대학교는 체코 공화국 브노에 위치한 세계적인 대학으로, 교육과 연구의 질이 우수하고 다양한 전공 분야와 국제적인 학술 활동으로 유명합니다."
Masaryk university,"마사릭 대학교는 체코 공화국 프라하 동쪽에 위치하며, 유럽에서 가장 큰 고품질 교육을 제공하는 국제적인 대학으로 잘 알려져 있습니다."
Memorial University of Newfoundland,메모리얼 대학교는 캐나다의 뉴펀들랜드 래버도르 주에 위치하며 대서양 바닷가에서 북극권에 가까운 곳에 위치하고 있다.
Memorial University of Newfoundland (Grenfell Campus),"Memorial University of Newfoundland (Grenfell Campus)은 캐나다 뉴펀들랜드 지역에 위치하며, 예술, 과학, 문학 등 다양한 분야에서 교육을 제공하는 대학입니다."
Middlesex University,"Middlesex 대학교는 런던 중심가에 위치하며, 다양한 국적의 학생들이 모여 국제적인 분위기를 느낄 수 있는 대학으로 유명합니다."
Monterrey Institute of Technology and Higher Education,몬테레이 공과대학은 멕시코에 위치하며 과학기술 및 비즈니스 등 다양한 분야의 교육 프로그램이 제공되는 선도적인 대학입니다.
NATIONAL CHIAO TUNG UNIVERSITY,"국립교통대학교는 대만의 혁신클러스터 중심지인 신층급 엔지니어링 대학으로, 과학기술 연구와 창조적인 산업 발전을 촉진합니다."
NEOMA Business School,"NEOMA Business School은 프랑스의 루앙과 발랑셰느에 위치하며 유럽 내 최고의 비즈니스 스쿨 중 하나로, 국제적인 학자 및 학생들과 협력 프로그램을 제공합니다."
NHL Stenden University of Applied Sciences,"NHL Stenden 대학은 네덜란드의 프리지아(Friesland) 지역에 위치하며, 다양한 분야에서의 경험이 풍부한 교수진과 협력 업체를 바탕으로 교육 프로그램 개발에 초점을 맞춘 국제적인 대학입니다."
Nagasaki University,"나가사키 대학교는 일본의 남서부에 위치하며, 의학과 과학 분야에서 세계적인 연구 기관으로 평가받는 대학입니다."
Nagoya University,"Nagoya University는 일본 중부 지방의 나고야에 위치하며, 과학, 공학, 자연과학 분야에서 세계적인 연구성과를 내고 있습니다."
Nagoya Univesity ,일본 나고야에 위치한 나고야대학교는 과학 기술 연구 분야에서 세계적인 권위를 자랑하는 엘리트 대학으로 유명합니다.
Nankai University,난카이 대학교는 중국의 허베이성에 위치하며 학문 연구와 더불어 인문적 역사를 자랑하는 대학이다.
Nanyang Technological University,"Nanyang Technological University(NTU)는 싱가폴에 위치하여 세계적인 대학으로서 공과, 과학, 인문사회과학 등 다양한 분야에서 창의적이고 경쟁력 있는 교육과 연구를 수행하고 있습니다."
National Chengchi University,국민대학교는 대만 타이베이 도심에 위치한 정치와 사회과학 분야에 강점을 가진 대학이다.
National Chiao Tung University,"국립교통대학교는 대만의 히싱츈시에 위치하는 대학으로, 공학 분야에서 우수한 교육과 연구를 수행하는 대학이다."
National Chung Cheng University,"국립 중正 대학교는 대만 중부지역의 청주시에 위치한 국립 대학교로, 독특한 역사적 전통과 우수한 교육 시스템으로 유명합니다."
National Institute for Oriental Languages and Civilizations,NIOLC는 프랑스 파리에 위치한 동양어 및 문화연구 국립연구소로 동양권 언어와 문화에 대한 연구가 중심이다.
National Sun Yat-sen University,"국립 산업과학대학교는 대만의 대학으로, 타이완의 가장 남쪽인 곳에 위치하며, 과학 및 기술 분야에서 국제적 인지도가 높은 대학이다."
National Taipei University of Technology,국립대만대학교로서 대만의 수도 타이베이에 위치하며 공과대학으로 각 분야별 최신 기술 및 산업 현장과 연계된 교육 및 연구를 진행하는 대학입니다.
National Taiwan Normal University,대만의 교육 기초에 중점을 둔 국립 대학으로 위치는 대만의 수도인 타이베이에 위치하며 교육 연구 및 교육 공학 분야에서 선도적인 역할을 한다.
National Taiwan University,"국립 타이완 대학교는 대만에서 가장 유명하고 권위있는 대학으로, 대만의 수도인 대만의 타이페이시에 위치해 있다."
National University of Ireland,"아일랜드에 위치한 대학으로, 19개의 교과과목 분야를 보유하고 있으며 학기 중간에 중간고사를 진행하는 것이 특징이다."
Niels Brock Copenhagen Business College,"Niels Brock Copenhagen Business College는 덴마크 코펜하겐에 위치한 세계적인 비즈니스 학교로, 다양한 언어로 수업을 진행하며 국제적인 업무 능력을 갖출 수 있는 교육을 제공합니다."
Nipissing University,"니피싱 대학교는 캐나다 온타리오 주의 북쪽에 위치하며, 작은 규모의 대학으로 개인 맞춤형 교육과 자연환경에 초점을 둔다."
Nishogakusha University,"니쇼가쿠샤 대학교는 일본 도쿄에 위치하며, '사회인'을 양성하는 목표로하는 인문사회과학전문대학교입니다."
North Park University,"노스파크 대학교는 일리노이 시카고 북부에 위치하며, 기독교 교육을 바탕으로 다양한 학문을 경험할 수 있는 대학입니다."
Northumbria University,"노셈브리아 대학교는 영국 북동쪽의 뉴캐슬에 위치하며 과학, 공학, 인문학 분야의 교육 및 연구를 중요시하는 대학이다."
Northwestern Polytechnical University,"북서부 기술 대학교는 중국 살쓰 구 인근에 위치하며, 항공우주 기술 전문 대학으로서 세계적인 항공우주 분야의 지도적인 역할을 수행합니다."
Okanagan College,"예술과 과학, 기술 교육을 제공하는 캐나다 Okanagan 지역의 선두적인 단과대학."
Okayama University,"Okayama University는 일본의 오카야마에 위치한 대학으로, 과학 및 기술 분야에서의 연구와 교육에 초점을 맞추고 있습니다."
Osnabrueck University of Applied Sciences,"오스나브뤼크 응용과학 대학은 독일 북서부에 위치한 대학으로, 실용적인 교육과 산업과 함께하는 연구를 추구합니다."
PUSHKIN STATE RUSSIAN LANGUAGE INSTITUTE,"푸쉬킨 러시아어언어대학은 모스크바에 위치하며, 러시아어 교육과 문화를 선도하는 대학으로 유명합니다."
Pantheon-Sorbonne University,"판테옹-소르본느 대학교는 프랑스 파리에 위치한 역사적인 대학으로, 인문학과 사회과학 분야에서 세계적인 평판을 가진 대학이다."
Paris Dauphine University,"파리 다핀 대학교는 프랑스 파리 16구에 위치하며 경제/경영 전공을 중심으로 교육하며, 국제적인 학술 연구와 협력을 강조합니다."
Paris School of Business,"파리 비즈니스 스쿨은 파리에 위치한 비즈니스 대학으로, 국제적인 학생들이 다양한 비즈니스 전공과 MBA 프로그램을 수료할 수 있다."
Peking University,"Peking University는 중국 베이징에 위치하며, 중국에서 가장 역사와 전통이 깊은 대학 중 하나이다."
Pennsylvania State University,"펜실베이니아 주의 대학교로 중부 지역에 위치하며, 연구 중심의 교육으로 세계적인 평판과 전문성을 지니고 있다."
Polytechnic University of Milan,"밀라노 폴리테크닉 대학교는 이탈리아 밀라노에 위치하며, 공학 및 과학 분야에서 국제적으로 높은 평가를 받고 있는 대학입니다."
Portland State University,"포틀랜드 주립 대학교는 오리건주 포틀랜드 시내에 위치하며, 미국 서부 지역에서 높은 평판을 가진 대학으로 알려져 있습니다."
Pushkin Institute,"Pushkin Institute는 모스크바에 위치한 대표적인 로시아어 학원으로, 러시아어 교육 및 문화에 대한 중심지이다."
Queen Mary University of London,"퀸 메리 대학교는 런던 도심에 위치하며, 교육과 연구에서 세계적인 수준을 자랑하는 대학이다."
Queen's University Belfast,퀸즈 대학교는 북아일랜드 북쪽 벨파스트에 위치하며 역사적인 건물과 우수한 학문적 성과로 유명합니다.
Queensland University of Technology,퀸즐랜드 기술 대학교는 호주 퀸즐랜드 주에 위치하며 과학 기술 분야에서 세계적인 수준을 보유한 대학이다.
RWTH Aachen University,"RWTH Aachen University는 독일의 아헨에 위치하며, 과학 및 공학 분야에서 세계적인 수준을 유지하는 대학입니다."
Radboud University Nijmegen,"네덜란드의 남동쪽에 위치한 Radboud 대학교는 종교, 철학 및 인문학 분야에서 높은 평판과 우수한 연구 성과를 가진 유럽 최고 수준의 대학이다."
"Renmin University of China, School of Business",중국 베이징에 위치한 렌민대학교 경영학부는 중국 경제 발전의 중심지에서 경제 전반에 대한 교육과 연구를 수행하는 국내 최고 명문 경영학교입니다.
Ritsumeikan University,리츠메이칸 대학교는 일본 교토에 위치해 있으며 역사와 문화 분야에서 세계적인 평판을 가진 대학이다.
Roskilde University,"로스킬데 대학은 덴마크에 위치하며, 학문 연구와 국제적인 열린 분위기가 특징입니다."
"Royal Holloway, University of London",로열할로웨이 대학교는 런던 근교에 위치하며 역사적인 건물과 아름다운 캠퍼스가 특징입니다.
Ruhr Universitat Bochum,"Ruhr Universitat Bochum은 독일 보훔에 위치한 대학으로, 유럽에서 가장 큰 캠퍼스 중 하나를 자랑하며 공학과 자연과학 분야에서 강점을 보인다."
Ruhr University Bochum,"루르대학교 보훔 지역에 위치하며, 초월적인 연구 인프라와 국제적인 학술 네트워크를 가진 세계적 수준의 연구 중심 대학이다."
Ruhr University of Bochum,"루르 보컴 대학은 독일 북부의 보컴에 위치하며, 연구 중심교육을 강조하는 대학이다."
SGH Warsaw School of Economics,"SGH Warsaw School of Economics는 폴란드 워사와에 위치한 경제 대학으로, 폴란드 경제의 중심지에서 교육과 연구를 수행하는 세계적인 경제 대학이다."
Sabancı University,"Sabancı University는 터키 이스탄불에 위치하며, 국제적 수준의 교육과 연구 중심의 대학으로, 혁신적인 프로그램과 창의적인 학습 경험을 제공합니다."
Saint Petersburg State University,"세인트페테르부르크주립대학교는 러시아의 세인트페테르부르크에 위치하며, 역사와 예술, 과학 분야에서 우수한 교육과 연구를 지향하는 대학이다."
Shandong University,"Shandong University는 중국 동북부의 산동성 진남에 위치하며, 중국에서 가장 역사가 오래되고 규모가 큰 종합 대학으로, 공과, 자연과학, 인문사회과학 등 다양한 학문 분야에서 우수한 교육과 연구를 수행합니다."
Shanghai Jiao Tong University,"상하이 자오톤 대학교는 중국 상하이에 위치하며, 세계적으로 유명한 대학 중 하나로 과학기술 분야에서 우수한 연구 성과를 보입니다."
Simon Fraser University,"새뮤얼 프레이저 대학교는 캐나다 브리티시컬럼비아 주에 위치하며, 세계적으로 유명한 연구 중심의 특성을 가진 대학이다."
Singapore Management University,"싱가포르에 위치한 경영 대학으로, 경영·인문·사회과학 분야에서 교육과 연구를 수행하는 학교이다."
Soka University of America,"Soka University of America는 미국 캘리포니아주에 위치한 국제적인 대학으로, 교육, 문화, 인간성, 기부 등에 중점을 둔 균형잡힌 교육을 제공합니다."
St. Polten University of Applied Sciences,"St. Polten University of Applied Sciences는 오스트리아의 센트럴 도시인 셰인 에노네주의 수도인 셰인 폴텐에 위치하며, 현실적인 문제 해결과 산업 협력을 중심으로 하는 과학 기술 대학입니다."
State University of New York,"미국의 주립대학인 State University of New York는 뉴욕에 위치하며, 다양한 전공 분야와 연구 프로그램을 제공하는 대규모 대학교이다."
State University of New York at Buffalo,"State University of New York at Buffalo는 뉴욕주에 위치한 대학으로, 공학과 의학 분야가 강점이다."
Stendhal University,"스탕달 대학교는 프랑스의 그레노블에 위치해 있으며 경영, 법학, 인문학 등의 분야에서 우수한 교육과 연구를 제공하는 대학입니다."
Stockholm University,"스웨덴의 수도 스톡홀름에 위치한 스톡홀름 대학교로, 세계적으로 유명한 대학 중 하나이며, 우수한 학업적 성과와 다양한 연구 분야에서 선도적인 지위를 유지하고 있다."
Sun Yat-sen University,Sun Yat-sen 대학교는 중국 남부에 위치하며 전국적으로 높은 관심도와 명성을 자랑하는 세계적인 연구 중심 대학입니다.
Sun-Yat-Sen University(중산대학),"중산대학은 중국 광둥성 광저우시에 위치하며, 중국에서 가장 역사와 규모가 큰 대학 중 하나입니다."
Swinburne University of Technology,"스윈번 대학교는 멜버른 도심에서 약 10km 떨어져 있으며, 전공 분야별로 우수한 교육과 국제적인 환경에서의 다양한 문화 경험을 제공합니다."
TEC DE MONTERREY CAMPUS ESTADO DE MEXICO,"TEC DE MONTERREY CAMPUS ESTADO DE MEXICO는 멕시코의 에스타도 데 멕시코에 위치한 대학으로, 높은 학문적 수준과 혁신적인 교육 방식으로 유명합니다."
Tampere University,"탐페레 대학교는 핀란드의 중간 지점에 위치한 대학으로, 과학, 기술, 사회과학 등 다양한 분야의 교육과 연구를 수행하고 있습니다."
Tampere University of Applied Sciences,"탐페레 응용 과학 대학교는 핀란드 남부에 위치하며, 혁신적인 교육과 실전 경험을 제공합니다."
Tampere University of Technology,탐페레 공과대학교는 핀란드의 탐페레에 위치하며 공학과 기술 분야에서 전문 교육과 연구를 수행하는 대학입니다.
Technical University of Denmark,덴마크의 수도 코펜하겐에 위치하며 공학 분야의 국제적인 연구기관으로서 과학기술혁신과 지속가능한 발전을 추구한다.
Technical University of Denmark (Ballerup Campus),"덴마크의 Ballerup 지역에 위치한 과학기술 대학교로, 공학 분야를 전문적으로 연구하고 교육하는 대학으로 유럽에서 유명하다."
Technical University of Denmark Ballerup Campus,덴마크 공과대학교 발러퍼 캠퍼스는 덴마크 수도 근처에 위치하며 공학 분야 교육 및 연구에 특화되어 있습니다.
Technical University of Denmark Ballerup campus,"덴마크의 기술 대학인 DTU Ballerup 캠퍼스는 볼러프에 위치하며, 공학 분야 학생들에게 현대적이고 실험 중심적인 교육 환경을 제공합니다."
Technical University of Munich,뮌헨에 위치하며 기술 중심의 전문대학으로서 세계적인 학술 연구 중심지입니다.
"Tecnologico de Monterrey, Campus Monterrey","테크놀로지 데 몬테레이, 캠퍼스 몬테레이는 멕시코의 몬테레이에 위치하며, 미국 교육 체계를 따르는 세계적인 대학으로, 학생들에게 적극적인 창업 지원과 국제적인 교류 기회를 제공합니다."
Tennessee Technological University,테네시 주 쿠크빌에 있는 테크니컬 대학교로 과학 및 공학 분야에서 강점을 가진 대학이다.
The Australian National University (ANU),"ANU는 오스트레일리아 수도인 캔버라 시에 위치하며, 새로운 아이디어와 혁신적인 연구를 통해 전 세계적으로 인정받는 세계적 수준의 대학으로 꼽힙니다."
The Hague University of Applied Sciences,The Hague University of Applied Sciences는 네덜란드의 헤이그에 위치하며 혁신적이고 국제적인 교육을 제공하는 대학입니다.
The University of Sheffield,셰필드 대학교는 영국 북부에 위치하며 고유한 산업 문화와 혁신적인 연구 분야로 유명합니다.
The Universiy Of Sheffield,"셰필드 대학교는 영국 북부에 위치하며, 과학 및 기술 분야에서 높은 평판과 연구력을 가진 대학이다."
Tianjin University,"Tianjin University는 중국 톈진시에 위치하며, 역사와 전통이 깊은 대표적인 국립 연구 대학교입니다."
Tilburg University,"Tilburg University는 네덜란드 남부에 위치한 대학으로, 경영학과 사회과학 분야에서 세계적인 평가를 받고 있습니다."
Tohoku University,"일본의 동북지방에 위치한 토호쿠 대학교는 일본에서 가장 역사가 깊은 대학교 중 하나이며, 고등 교육 및 연구 분야에서 세계적 수준을 자랑합니다."
Toronto Metropolitan University,"Toronto Metropolitan University는 캐나다의 온타리오 지역 도시 토론토에 위치한 대학으로, 다양한 학과와 전공 프로그램을 제공하며 다문화적이고 역동적인 도시에서 학생들의 시야를 넓히고 체험을 쌓을 수 있는 환경을 제공합니다."
Toyo University,"토요 대학교는 일본 도쿄에 위치하며, 국제화된 교육 시스템과 산업계와의 적극적인 협력으로 실무중심 교육을 강점으로하는 대학이다."
Trinity College Dublin,"트리니티 대학교는 아일랜드의 수도인 더블린 시내 중심부에 위치하며, 역사와 전통이 깊은 학교로 유럽에서도 유명하다."
Turku University of Applied Sciences,Turku University of Applied Sciences는 핀란드의 투르쿠에 위치하며 전문적이고 혁신적인 진로 교육을 제공합니다.
ULB Universite Libre de BRUXELLES,"ULB는 벨기에 브뤼셀에 위치한 프랑스어 대학으로, 자연과학, 인문학, 경제학 분야의 교육과 연구를 중심으로 수행하는 세계적인 대학입니다."
UNIVERSITY OF ALICANTE,UNIVERSITY OF ALICANTE는 스페인 동부 지중해 해안의 아리가(Alacant)에 위치하며 국제화된 학술 연구 및 혁신적인 교육체제를 갖춘 선도적인 대학입니다.
UNIVERSITY OF APPLIED SCIENCE OF WKW,"UNIVERSITY OF APPLIED SCIENCE OF WKW는 오스트리아 빈에 위치한 응용과학 대학교로 경영, 경제, 융합과학 등 학제적인 교육과 주변 기업과의 실무적인 협력을 강조하는 대학입니다."
"UNIVERSITY OF APPLIED SCIENCE OF WKW (FACHHOCHSCHULE WIEN, 이하 FH WIEN)",FH WIEN은 오스트리아 수도인 빈에 위치하며 실제 산업에서 필요한 실무 지식 중심의 교육을 제공합니다.
UNIVERSITY OF TOURS,"UNIVERSITY OF TOURS는 프랑스 중부 지역 투르(Tours)에 위치한 대학으로, 역사와 자연 공원, 문화예술 등이 있는 도시에서 교육과 문화적인 경험을 제공하는 대학입니다."
UNIVERSITY OF TUEBINGEN,"토이빙엔 대학교는 독일 남서부에 위치해 있으며, 유럽 최고 수준의 연구 교육을 제공하는 세계적인 대학으로 잘 알려져 있습니다."
Umea University,"우메오 대학교는 스웨덴 북쪽에 위치해 있으며, 국제적으로 인정받는 연구 중심 대학으로써 학문적으로 혁신적이며 다양한 분야에서 우수한 교육 프로그램을 제공합니다."
United Kingdom,"유럽 대륙 북서쪽에 위치하며 영국 왕국으로 알려져 있으며, 역사적·문화적으로 유럽에서 가장 중요한 국가 중 하나이다."
Universidad Autonoma de Guadalajara,"Universidad Autonoma de Guadalajara는 멕시코의 구아달라하라에 위치한 대학으로, 전문적이고 혁신적인 사회가 됨을 꿈꾸며 교육을 제공합니다."
Universidad Iberoamericana,"멕시코시티에 위치한 Universidad Iberoamericana는 프랑시스코 프란코 대통령 주도 하에 설립된 대학으로, 사회적 책임의식, 혁신, 융합성의 신념으로 유명하다."
Universidad San Francisco de Quito,"USFQ는 에콰도르의 수도 키토에 위치하며, 라틴 아메리카에서 가장 선진적인 대학 중 하나로 교육 수준이 높으며 그린 캠퍼스와 진보적인 교육 방식으로 유명합니다."
Universit?t T?bingen,"투빙언 대학교는 독일의 남서부에 위치한 역사와 전통이 깊은 대학으로, 교육과 연구 분야에서 세계적인 명성을 지니고 있습니다."
Universita Cattolica del Sacro Cuore,"Universita Cattolica del Sacro Cuore는 이탈리아 밀라노에 위치하며, 카톨릭 대학으로서 종교적인 가치와 전통을 중시하고 있습니다."
Universita Iuav di Venezia,"Iuav는 이탈리아 북동쪽의 베네치아에 위치한 예술, 디자인, 건축 분야의 대학교이며, 유럽에서 가장 현대적이고 선진적인 교육과 선생님들이 잘 알려져 있습니다."
Universite Paris Dauphine,"파리 다윈 대학은 프랑스에서 경제와 관리분야를 중심으로 교육과 연구를 수행하고 있는 대학으로, 파리 시내 중심지에 위치하고 있으며 경제전공 부분에서는 유럽 1위, 세계 5위의 성과를 갖고 있습니다."
Universite catholique de Lille,"울트라몽의 핵심 캠퍼스인 프랑스 리옹에 걸쳐 위치한 크기있는 대학으로, 프랑스에서 가장 오래된 교대 중 하나입니다."
Universite du Quebec a Montreal,"캐나다 퀘벡 주 몬트리올에 위치하며, 프랑스어로 강의하는 대학으로 유럽적인 문화와 교육 철학을 바탕으로 적극적인 교육 연구와 사회 진입성을 추구하는 특징을 지닌다."
Universite libre de Bruxelles,"유브르뤼스는 벨기에의 수도 브뤼셀에 위치한 자유 대학으로, 연구 중심 교육 및 프랑스어를 사용하는 대학이다."
University College Dublin,"University College Dublin은 아일랜드에 있는 대표적인 대학교로, 다양한 분야에서 교육과 연구를 수행하는 학술적 우수성과 함께 더 큰 캠퍼스와 국제적인 연구 협력망을 가지고 있습니다."
University College London,유니버시티 칼리지 런던은 영국의 중앙에 위치하며 교육과 연구의 세계적 수준을 자랑하는 대학이다.
University Tuebingen,"테우빙엔 대학교는 독일 남서부의 유럽 역사와 문화의 중심지인 테우빙엔 시에 위치하여, 인문학 및 사회과학 분야에서 국제적으로 유명한 대학으로 알려져 있습니다."
University at Buffalo,"뉴욕주 버팔로에 위치한 대학으로, 안전하고 다양한 학문 분야에서 우수한 교육을 제공하는 공기업 대학이다."
University of Alicante,"스페인 남동부 아퀘다에 위치한 알리칸테 대학으로, 고객 중심의 교육과 연구, 국제화, 혁신, 지속 가능성과 사회적 책임을 증진하여 지역 및 국제사회에 대한 기여를 지향한다."
University of Applied Science,응용 과학 대학교는 실제 산업에 적합한 교육과 함께 셀 수없이 많은 산업체와의 제휴를 통해 실무 경험을 제공합니다.
University of Applied Science Upper Austria (Wels campus),오스트리아의 위스 지역에 위치한 응용 과학 대학으로 산업과 협력하여 현실적인 교육과 연구를 중심으로 하고 있습니다.
University of Applied Sciences Kufstein,"오스트리아의 겨울스포츠 센터인 Kufstein의 부근에 위치한 곳으로, 실무에 적합한 교육과 국제적인 교류를 강조하는 대학입니다."
University of Applied Sciences Northwestern Switzerland,"스위스 북서부에 위치한 응용 과학 대학으로 기술, 디자인, 경영 및 사회과학 분야에서 교육 및 연구를 수행한다."
University of Applied Sciences Upper Austria,유니버시티 오브 어플라이드 사이언스 상부 오스트리아는 오스트리아에 위치한 공과대학으로 기술 중심 교육과 연구를 중요시하는 대학입니다.
University of Applied Sciences Upper Austria (Hagenberg Campus),"오스트리아의 Hagenberg 지역에 위치한 적용 과학 대학교로, 정보 및 컴퓨터 과학 분야에서 세계적인 평판을 가진 교육 기관입니다."
University of Applied Sciences Upper Austria (Steyr),"오스트리아 상부 응용 과학 대학교 (스테이어)는 오스트리아 중부에 위치한 기술 중심 대학으로, 산업 및 비즈니스 분야에서 경쟁력 있는 전문가들을 양성하는 데 중점을 둡니다."
University of Applied Sciences Upper Austria (Wels Campus),"오스트리아 상부 응용 과학 대학교 (Wels 캠퍼스)는 오스트리아의 Wels에 위치하며 기술, 경영, 디자인, 의료 업계의 교육 및 연구를 중심으로 전문 교육을 제공합니다."
University of Applied Sciences Utrecht,"네덜란드 Utrecht에 위치한 응용과학 대학으로, 직업적으로 필요한 지식과 기술을 가르치며 현업과 함께하는 실용적인 교육을 제공합니다."
University of Applied Sciences Wiener Neustadt,University of Applied Sciences Wiener Neustadt는 오스트리아 Wiener Neustadt에 위치해 있으며 실용적인 교육과 산업 협력에 중점을 둔 대학입니다.
University of Applied Sciences of WKW,University of Applied Sciences of WKW는 오스트리아 빈에서 위치하며 실무 중심의 교육과 취업 연계 프로그램을 제공하는 대학입니다.
"University of Applied Sciences, Worms","바덴-바덴주 주도 시티인 Worms에 위치한 대학으로, 경영, 호텔경영, 정보기술, 토목공학 등 전공 분야의 융합 교육으로 국제적인 전문가를 양성한다."
University of Arkansas,"아칸소 소도시에 위치하며, 공대, 경영대, 농대 등이 유명하며 수많은 연구 팀이 활발하게 활동하는 대학입니다."
University of Auckland,"오클랜드 대학교는 뉴질랜드 최대 도시에 위치한 국제적인 연구 중심의 대학으로, 멋진 도시 생활과 우수한 교육을 제공합니다."
University of Barcelona,"바르셀로나에 위치한 대학으로, 이탈리아 양식으로 건축된 건물과 존경받는 교수진, 다양한 국제 프로그램 등 학생들에게 매력적인 교육 경험을 제공합니다."
University of Basque Country,"바스크 대학교는 스페인 북부 바스크 지방의 빌바오, 산 세바스티안, 비토리아와 같은 다양한 지역에 걸쳐 총 3개의 캠퍼스를 운영하며, 과학, 공학, 사회과학, 의학 등 다양한 분야에 강점을 지닌 대학이다."
University of Basque Country (Biscay Campus),"바스크 대학교 (비스카야 캠퍼스)는 스페인의 바스크 지방에 위치하며, 그 지역에서 가장 규모가 큰 대학교 중 하나로, 과학기술 분야에서 강점을 가지고 있다."
University of Basque Country (Gipuzkoa Campus),"바스크 대학교 (Gipuzkoa 캠퍼스)는 스페인 북쪽에 위치한 공립 대학으로, 고전적인 건축물과 아름다운 산들에 둘러싸인 아름다운 환경에서 교육을 제공합니다."
University of Basque Country (UPV/EHU),"UPV/EHU는 스페인 북부 바스크 지역에 위치한 대학으로, 바스크 언어와 문화를 중심으로 다양한 분야에서 연구활동을 전개하고 있습니다."
University of Bern,"University of Bern는 스위스의 수도인 베른( Bern)에 위치한 세계적인 대학으로, 고대 역사와 가정상담, 기후변화 및 지구생명과학 등 다양한 분야의 우수한 교육과 연구를 제공하는 대학이다."
University of Bristol,브리스톨 대학교는 영국 남서쪽 브리스톨에 위치하며 세계적 수준의 연구와 교육을 제공하는 역사 깊은 대학이다.
University of British Columbia,"University of British Columbia는 캐나다 서부 지역의 밴쿠버에 위치하며, 세계적 수준의 교육과 연구를 지향하는 대학으로서 인문, 과학, 예술 등 다양한 분야에서 우수한 교육과 최신 기술을 활용한 연구를 진행하고 있습니다."
"University of California, Berkeley","UC Berkeley는 미국 캘리포니아주 버클리에 위치한 세계적인 고등 교육 기관으로, 높은 교육 수준과 인문, 과학 기술 분야의 강점을 가지고 있습니다."
"University of California, Los Angeles","UCLA는 미국 캘리포니아 주의 로스앤젤레스에 위치하며, 공학, 의학, 예술 등 다양한 분야에서 높은 교육 수준과 연구 역량을 가진 세계적인 대학이다."
"University of California, San Diego","UCSD는 미국 캘리포니아 주 샌디에이고에 위치한 대학으로, 씨애틀까지 전등이 보이는 아름다운 전망과 글로벌 인재 양성 프로그램이 특징입니다."
"University of California, Santa Cruz","UC Santa Cruz는 캘리포니아의 명소인 세인트 크루즈에 위치하며, 국제적으로 인정받는 고등 교육과 연구 시설을 보유하고 있습니다."
University of Central Lancashire,"University of Central Lancashire은 영국의 프레스턴에 위치하며, 학자들과 학생들을 위한 전문적인 교육 프로그램뿐 아니라 여러 활동과 서비스로 학생들의 삶을 풍요롭게 만드는 대학이다."
University of Colorado Boulder,"콜로라도 주 보울더에 위치한 이 대학은 대학교로서는 가장 높은 고지를 자랑하며, 보습 연구 지원 등 높은 교육 목표를 갖고 있습니다."
University of Copenhagen,"코펜하겐에 위치한 대학으로, 전문성이 뛰어나고 첨단 기술과 혁신적인 연구로 세계적인 명성을 가지고 있습니다."
University of Cyprus,"University of Cyprus는 키티오스에 위치한 섬국 키프로스의 대표적인 국립 대학으로, 학술성과와 삶의 질이 높아 뛰어난 교육 환경을 제공합니다."
University of Deusto,스페인 빌바오에 위치한 University of Deusto는 높은 교육 수준과 탁월한 국제화 정책으로 유명한 대학입니다.
University of Eastern Finland,"핀란드 동부에 위치한 University of Eastern Finland은 자연과 공학, 의학, 사회과학 및 인문학 분야에서 국제적으로 선도하는 대학으로서 학제간 연구와 협업에 강점을 가지고 있다."
"University of Eastern Finland, Kuopio campus","유럽 북쪽, 핀란드 동부의 Kuopio 도시에 위치한 Eastern Finland 대학의 캠퍼스로, 자연환경이 풍부하고 학생들에게 고품질의 교육을 제공하는 대표적인 학교입니다."
University of Edinburgh,"University of Edinburgh는 스코틀랜드의 수도인 에딘버러에 위치하며, 1583년에 설립된 세계적인 대학으로 역사와 전통이 무척 풍부하다."
University of Erfurt,"University of Erfurt는 독일 중부의 작은 도시인 에르푸르트에 위치한 대학으로, 인문학과 사회과학 분야에서 강점을 가지고 있습니다."
University of Erlangen-Nuremberg,"에를랑엔-누른베르크 대학은 독일 바이에른 자유주의지방에 위치하며, 다양한 학문 분야에서 뛰어난 교육과 연구를 제공하는 유럽 최고의 대학 중 하나입니다."
University of Gavle,"University of Gavle은 스웨덴 중부 지역의 Gävle시에 위치한 고등 교육 기관으로, 기술 및 환경 분야에서 강점을 가지고 있다."
University of Granada,"우리나라 대학 중 제주대학교만큼 면적적으로는 작지만, 마드리드와 발렌시아 사이에 위치하며, 몽테스키우 국립공원과 가까이 있어서 자연경관이 아름다운 대학이다."
University of Groningen,네덜란드의 Groningen에 위치한 타임리스크쿨인 University of Groningen은 역사와 우수한 교육 프로그램으로 유명합니다.
University of Hawaii at Manoa,"University of Hawaii at Manoa는 하와이의 수도에 위치한 대학으로, 태평양 지역에서 유일한 랜드그랜트 대학이며 대학원과 연구 분야에서 우수한 성과를 보인다."
University of Helsinki,"헬싱키 대학교는 핀란드의 수도인 헬싱키에 위치하며, 세계적인 학술적 수준과 국제화 된 교육 프로그램을 갖추고 있는 대학입니다."
University of Iceland,"아이슬란드의 수도 레이캬비크에 위치한 아이슬란드 대학교로, 아이슬란드 전통과 문화, 자연과 환경에 대한 연구에 특화되어 있는 대학입니다."
University of Illinois Springfield,"일리노이 스프링필드 대학교는 일리노이주 수도인 스프링필드에 위치하며, 작고 친근하며 좋은 교육 프로그램과 협력적인 교수진들이 특징입니다."
University of Illinois Urbana-Champaign,일리노이 대학교 어바나-샴페인캠퍼스는 일리노이주에 위치한 세계적인 대학교이다.
University of Iowa,아이오와 주에 위치한 University of Iowa는 고전적 건축물과 함께 최신 기술을 적용한 교육과 연구를 지원하는 세계적인 연구 대학이다.
University of KwaZulu-Natal,"남아프리카 공화국의 쿠왈루날주에 위치한 대학으로, 고등 교육 및 연구 분야에서 세계적인 명성을 가지고 있습니다."
University of Lapland,"University of Lapland는 핀란드 북쪽 라푸아지 지역에 위치한 대학으로, 극지역과 라푸아지에 특화된 교육과 연구가 이루어지는 대학입니다."
University of Leeds,"리즈 대학교는 영국 북부 중심부에 위치하며, 1904년에 설립된 세계적인 연구 중심 대학이다."
University of Leicester,"University of Leicester는 영국 중부에 위치한 대학으로 세계적인 연구 활동으로 유명하며, 교육과 연구 분야에서 높은 수준의 학문적 우수성과 학생 친화적인 캠퍼스 환경을 가지고 있다."
University of Lille,"University of Lille은 프랑스 북부에 위치하며, 교육 및 연구 활동에서 세계적 수준을 유지하는 대학이다."
University of Malaga,"스페인의 말라가 대학교는 안달루시아 지방의 말라가에 위치하며, 탁월한 교육과 함께 역사와 문화가 풍부한 학교입니다."
University of Manchester,"대학교 위치는 영국 맨체스터시에 있으며, 세계적인 연구 활동과 훌륭한 교육 프로그램으로 유명한 대학입니다."
University of Manitoba,"University of Manitoba는 캐나다 매니토바 주의 수도인 위니펙(Winnipeg)에 위치하며, 공학 분야가 강점인 프로그램 제공 및 대학교토나 미술관 등 조경이 아름다운 캠퍼스가 특징입니다."
University of Massachusetts Boston,"마사추세츠 주 보스턴에 위치하며, 대도시 내에서의 교육 기회와 문화적 다양성을 제공하는 공립 대학입니다."
University of Melbourne,"멜버른 시내 중심부에 위치하며, 세계적인 연구 및 교육 기관으로서 역사와 전통이 깊은 대학교입니다."
University of Minnesota,"미네소타 대학교는 미국 중서부의 미네소타 주에서 위치하며, 국제적으로 인정받는 우수한 학술 연구 기관이다."
University of New South Wales,"UNSW는 오스트레일리아 시드니에 위치한 세계적으로 유명한 대학교로, 과학 기술 연구 분야에서 우수한 성과를 내고 있습니다."
University of Newcastle,뉴캐슬 대학교는 호주 뉴사우스웨일스 주에 위치하며 평생학습 지원 및 높은 교육 수준으로 유명합니다.
University of North Carolina at Chapel Hill,"노스캐롤라이나 주 채플힐에 위치한 대학으로, 탁월한 교육과 연구 인프라를 가진 세계적 수준의 대학 중 하나이다."
University of North Carolina at Greensboro,노스캐롤라이나 그린스버로에 위치한 대학교로 문과 예술전공이 강하며 다양한 학생클럽과 운동 시설을 보유하고 있습니다.
University of North Florida,"노스플로리다 대학교는 미국 플로리다주 잭슨빌에 위치하며, 해안가와 가깝고 캠퍼스 내 공원이 아름답고 학생 중심의 활기찬 분위기가 특징입니다."
University of Nottingham,"노팅엄 대학교는 영국 중부에 위치하며, 월드대학 순위 100위 안에 드는 세계적인 대학으로, 공학, 경제, 생명과학 분야에서 세계적인 연구를 수행하고 있습니다."
University of Nottingham Ningbo China,"노팅엄 대학교 중국 닝보 캠퍼스는 중국 동해안에 위치하며, 영국 노팅엄 대학교와 함께 우수한 교육과 연구를 제공하며 국제적인 학문적 거점으로 자리 잡고 있습니다."
University of Oklahoma,오클라호마주 노먼에 위치한 대학으로 전통적인 미국식 대학교 문화와 우수한 스포츠 프로그램이 특징입니다.
University of Oslo,"노르웨이의 수도 오슬로에 위치한 세계적인 대학으로, 학술 연구와 교육 분야에서 우수한 성과를 내고 있음."
University of Pecs,"헝가리 페치에 위치한 University of Pecs는 유럽에서 가장 오래된 대학 중 하나로, 역사와 예술 분야에서 유명하며 국제 학생들이 많이 다니는 대학입니다."
University of Pittsburgh,"University of Pittsburgh는 펜실베이니아주 피츠버그에 위치하며, 우수한 학사 프로그램과 연구 시설, 다양한 학문 분야를 제공하는 대학이다."
University of Quebec at Montreal,"UQAM은 캐나다의 몬트리올 도심에 위치하며, 프랑스어로 강의되는 대학으로 예술, 인문학과 사회과학 분야에서 강력한 프로그램을 제공합니다."
University of Reading,"University of Reading은 영국 남부 지역 Reading에 위치한 대학으로, 교육 및 연구 분야에서 전 세계적으로 유명한 대학입니다."
University of Roehampton,"로힘톤 대학교는 런던 남서쪽에 위치하며, 아름다운 캠퍼스와 다양한 교육 프로그램을 제공하는 대학이다."
University of Rostock,"유럽 독일의 북부에 위치한 로스토크 대학으로, 초석을 놓은 연구 주도적 학교이다."
University of Sao Paulo,"University of Sao Paulo는 브라질의 상파울루에 위치한 대학으로, 라틴 아메리카 최대 규모를 자랑하며, 대학 연구와 의료 기술 등에서 세계적으로 유명합니다."
University of Saskatchewan,"캐나다 사스카툰에 위치한 University of Saskatchewan은 연구 중심 대학으로, 농업, 의과학, 의과대학 등 분야에서 우수한 교육을 제공하고 있습니다."
University of Sheffield,"셰필드 대학교는 영국 북부에 위치하며, 공학 분야와 경제 분야에서 우수한 교육과 연구를 수행하는 대학이다."
University of South Carolina,"사우스캐롤라이나 대학교는 미국 남부의 코럼비아에 위치해 있으며, 역사적인 건물과 아름다운 캠퍼스가 특징입니다."
University of Southern Denmark,"덴마크 남부에 위치해 있는 대학으로, 과학 기술 분야에서 세계적인 평판을 가지고 있으며 국제적인 학술 연구와 교육을 중요시하는 대학입니다."
University of Tampere,"탐페레 대학교는 핀란드 서부에 위치한 대학교로 과학기술, 사회과학, 의학, 교육 등 다양한 분야에서 교육 및 연구를 수행하는 국제적인 대학교입니다."
University of Technology of Troyes,"트와의 공과대학으로, 프랑스의 동부에 위치하며 정보통신 및 모빌리티 분야에서 선두적인 연구와 교육을 제공하는 대학입니다."
University of Texas at Austin,"텍사스 주에 위치한 대학교로, 대표적인 공과대학과 경영대학이 있으며 오스틴의 문화적인 분위기와 함께 전공 분야에서 우수한 교육을 제공한다."
University of Texas at Dallas,"텍사스 주 다라스에 위치하며, 과학과 공학 분야의 교육과 연구에 일류를 자랑하는 대학이다."
University of Tours,"투르 대학은 프랑스 중부 지역에 위치하며, 인문학, 사회과학, 자연과학 등 다양한 분야에서 연구 및 교육 활동을 전개하는 대학이다."
University of Tuebingen,"Tuebingen 대학교는 독일의 남서부에 위치하며, 고대의 역사와 문화적인 풍부함, 높은 학문적 수준과 혁신적인 연구로 유명합니다."
University of Utah,"유타 주에서 위치한 대학교로, 대도시인 솔트레이크시티 중심에 있어 연구에 집중하며 야외 스포츠 및 스키 등 액티비티도 즐길 수 있는 대학입니다."
University of Vaasa,"University of Vaasa는 핀란드 서부에 위치하며 비즈니스, 관리 및 기술 분야에서 우수한 교육과 연구를 제공하는 대학입니다."
University of Verona,"베로나 대학교는 이탈리아 북동부 베네도 지방에 위치하며, 고대 유적지와 아름다운 베네도쥬어 호수 근처에 자리하고 있습니다."
University of Washington,"워싱턴주 시애틀에 위치한 대학으로, 과학, 인문학, 예술 등 다양한 분야의 교육 프로그램과 세계적인 연구 센터를 보유한 선진 대학."
University of Western Australia,"University of Western Australia는 호주 서부 퍼스에 위치한 초등~대학교 수준의 교육을 제공하는 대학으로, 교육, 연구, 지역사회 발전을 추구하는 국제적 수준의 학교입니다."
University of Wollongong,"오스트레일리아의 울롱공(University of Wollongong)은 시드니에서 차로 약 1시간 거리에 위치한 대학으로, 고용률이 높은 산업 중심 도시인 울롱공(Wollongong)에 위치해 있으며, 인문/사회과학, 공학, 자연과학 등과 같이 다양한 학과를 보유하고 있습니다."
University of Wyoming,워밍턴(한 남서부의 주)의 대학교로 호랑이 팀을 가진 대학으로 미국에서 가장 아름다운 캠퍼스 중 하나로 유명하다.
University of the Basque Country,"바스크 지방에 있으며, 학교 가까이에 해변과 자연 경관이 아름다운 특징이 있다."
University of the Sacared Heart,"University of the Sacred Heart는 일본 도쿄에 위치한 카톨릭 대학으로, 다양한 전공 분야와 국제 교류가 활발한 대학이다."
University of the Sunshine Coast,"University of the Sunshine Coast는 호주 쿠알라럼파에리에 위치해 있으며, 자연친화적이고 올림픽 수영장과 대규모 운동 시설을 보유한 대학입니다."
University of the West of England,유웨스트 잉글랜드 대학교는 영국 북부에 위치한 대학으로 공학 및 디자인 분야에서 강한 교육 프로그램을 제공하며 인근의 도시와 긴밀한 협력관계를 유지하고 있다.
Uppsala University,"스웨덴의 우리나라와 비슷한 크기의 도시인 우프살라에 위치한 대표적인 대학으로, 세계에서 가장 오래된 대학 중 하나이며 뛰어난 역사학, 생물학, 의학 등의 분야에서 우수한 연구를 수행한다."
Ural Federal University,우랄 연방 대학교는 러시아의 우랄 산맥에 위치하며 창의적인 연구 및 교육을 위한 고급 기술 교육 프로그램을 제공합니다.
Ural State University,"우랄 국립 대학교는 러시아 연합에서 주요 대학 중 하나로, 우랄 산맥 기슭의 중심지 엘레츠피노에서 운영되며 과학 및 공학 분야에서 강력한 연구 및 교육 프로그램을 제공합니다."
Utrecht University,"유트레흐트 대학교는 네덜란드 유트레흐트에 위치하며, 세계적으로 유명한 고등 교육기관으로서 저명한 교수진과 첨단 연구 시설을 보유하고 있다."
Vilnius University,"Vilnius University는 리투아니아의 수도인 빌니우스에 위치하며, 리투아니아 최고의 대학으로 교육과 연구의 측면에서 높은 질의 교육을 제공한다."
Vorarlberg University of Applied Sciences,Vorarlberg University of Applied Sciences는 오스트리아의 Vorarlberg 지역에 위치하고 있으며 혁신적인 산업과 기술 분야의 교육 및 연구에 중점을 둔 대학입니다.
Vrije Universiteit Amsterdam,"Vrije Universiteit Amsterdam은 네덜란드의 암스테르담에 위치한 자유주의적 대학으로 교육, 연구, 사회문제 연구 등 다양한 분야에서 글로벌적인 영향력을 가지고 있는 대학입니다."
Vrije University,프랑스 파리에 위치한 Vrije University는 국제적인 학술 연구와 탄탄한 교육 프로그램이 특징입니다.
Vytautas Magnus University,"Vytautas Magnus University는 리투아니아에 위치한 대학으로 중앙유럽에서 가장 큰 규모의 대학 중 하나이며, 교육과 연구 프로그램에 대한 광범위한 선택이 제공되며 학생들이 다양한 국제 프로그램에 참여할 수 있다."
Warsaw School of Economics,Warsaw School of Economics은 폴란드 와르샤와에 위치하며 경제학 분야에서 세계적인 명성을 가진 대학입니다.
Waseda University,"일본 도쿄에 위치한 와세다 대학교는 교육, 연구 및 국제 교류 분야에서 세계적인 명성을 자랑하는 일본 최고의 종합 대학교입니다."
Washington State University,"워싱턴 주립 대학교는 미국 워싱턴 주에 위치하며, 전공 분야별로 우수한 교육 프로그램과 연구 시설을 보유한 국제적인 대학이다."
Western Illinois University,"위치는 일리노이 주의 맥컴버 지역에 있고, 미국 중서부에서 유일한 양대 국립 연구대학교로서 교육, 연구, 지역사회발전에 힘을 쏟고 있습니다."
Worms University of Applied Sciences,"Worms University of Applied Sciences(웜스 응용 과학대학)는 독일 남서부 롯마인주의 매력적인 중세 도시인 웜스(Worms)에 위치하며, 실용적인 교육과 산학협력을 강조하는 대학입니다."
Xi'an Jiaotong University,"중국의 서북쪽에 위치한 Xi'an Jiaotong University는 중국에서 고대 역사와 문화 유적지가 대표적이며, 교통, 공학, 의학 등 전공 분야에서 국내외적으로 높은 평가를 받는 대학입니다."
York St John University,"York St John University는 유네스코 세계 유산 도시인 York에 위치한 작고 아늑한 대학으로, 학생 중심의 교육과 개별적인 지도가 특징입니다."
York University,"York University는 캐나다 온타리오 주 토론토에 위치한 대학으로, 다양한 전공과 연구분야, 국제적인 학생들, 그리고 사회적으로 영향력 있는 프로그램을 갖추고 있다."
Zagreb School of Economics and Management,"Zagreb School of Economics and Management은 크로아티아의 수도인 자그레브에 위치한 경영대학교로, 국제적으로 인정받는 뛰어난 교수진과 혁신적인 교육 방식으로 경제와 관리 분야에서 선도적 역할을 하고 있습니다."
Zagreb school of economics and management,"자그레브 경제경영학교는 크로아티아 자그레브에 위치하며, 국제적인 학술 연구와 혁신적인 교육 방식으로 유명합니다."
Zurich University of Applied Sciences,스위스 취리히에 위치하고 산업 협력과 응용과학 분야에서 학문적 능력을 갖춘 대학입니다.
École centrale d'électronique,"에콜 센트랄 드 일렉트로니크는 프랑스 파리에 위치한 공학전문대학으로, 전자공학 및 IT분야에 대한 교육 및 연구를 수행하는 세계적인 대학입니다."
